Id	SHA-256	MD5	Name	Site	Link
Hotfix.rar	d6be2c66c6f55a49a555e1838cf25b9b534ceb8601253e8fd312b1f019fcbe51	8bda344fb64c17dba77950b91ca53066 	Morrowind Rebirth	Mod DB	https://www.moddb.com/mods/morrowind-rebirth/downloads/morrowind-rebirth-431-hotfix
Morrowind_Rebirth(1).rar	5e5ee0c4b2229567826feb98eb16561ff9633663ee66a0b7f0469ae52860a166	c0c5e98bab50139628b8f701ab55e955	Morrowind Rebirth	Mod DB	https://www.moddb.com/mods/morrowind-rebirth/downloads/release-morrowind-rebirth-56
Morrowind_Rebirth(2).rar	bde6a1e70b218093174b3021d9e95a82d23c8f46b5d2c88e6820431a4aad1c1d	9cddf93f6b893b09dfccdb397df7ce5c	Morrowind Rebirth	Mod DB	https://www.moddb.com/mods/morrowind-rebirth/downloads/morrowind-rebirth
Morrowind_Rebirth(3).rar	b630468550f29ec40e8c1f20ac453aaa4b801a75568dbb7376aad0b6b7669490	c94ab091570317bbdd07bbec3549d8cd	Morrowind Rebirth	Mod DB	https://www.moddb.com/mods/morrowind-rebirth/downloads/relese-morrowind-rebirth-58
Morrowind_Rebirth(4).rar	b879443c4238a740e08739e973ac2479b217bc1c3c69fbcd4221d5b8b927cdaf	98a12f5765314c2c11a8c1b1e110167d	Morrowind Rebirth	Mod DB	https://www.moddb.com/mods/morrowind-rebirth/downloads/release-morrowind-rebirth-63
Morrowind_Rebirth(5).rar	22d03eada8ef431be59d71d456c844f0dca65bc3e282337fa9cdfc12a90904d5	4e9176a2e780fe3cfedbd417c802bb00	Morrowind Rebirth	Mod DB	https://www.moddb.com/mods/morrowind-rebirth/downloads/release-morrowind-rebirth-65
Morrowind_Rebirth(6).rar	e8310cdd119d15f1c14da404f5c7eba9d05fa99cf250f80c6d24d7c4aae256b3	d1b77ec610e100c895b8e2e66a16546e	Morrowind Rebirth	Mod DB	https://www.moddb.com/mods/morrowind-rebirth/downloads/release-morrowind-rebirth-67
Morrowind_Rebirth.1(1).rar	554bb6e364b91bf659defaeea43066f439635eb707936cb8134f350120512931	611ea4c9eb13426362b2c4f9308389ba	Morrowind Rebirth	Mod DB	https://www.moddb.com/mods/morrowind-rebirth/downloads/release-morrowind-rebith-55
Morrowind_Rebirth.1(2).rar	e89b6b67265761edd733b96fc6025bd445844e339bfefbecfd284b879ff2efe9	8043b33863f0f3606d9814727c971baa	Morrowind Rebirth	Mod DB	https://www.moddb.com/mods/morrowind-rebirth/downloads/release-morrowind-rebirth-59
Morrowind_Rebirth.1(3).rar	e194c091b8df5d5323a30de2990e0e9354417a9571c22deb23dbda7ded4b9d75	dc2675b2a424c48ea6036406698a1d20	Morrowind Rebirth	Mod DB	https://www.moddb.com/mods/morrowind-rebirth/downloads/release-morrowind-rebirth-60
Morrowind_Rebirth.1(4).rar	61527ac0cc8c4ef3ec8714817efb52286a8857235994520639d70da19f3b74a8	77c580304319357e55b7bb2dc94ceeec	Morrowind Rebirth	Mod DB	https://www.moddb.com/mods/morrowind-rebirth/downloads/release-morrowind-rebirth-61
Morrowind_Rebirth.1(5).rar	03c3b822ae3cb7ef5e69b6d5b3cddb102808adef6b1ae468ad067a6c4f00111d	997910d484fcd0df393261d3ea8b330d	Morrowind Rebirth	Mod DB	https://www.moddb.com/mods/morrowind-rebirth/downloads/release-morrowind-rebirth-62
Morrowind_Rebirth.1(6).rar	3c603192345fa9f3a93059e62c37d22eb13d8deee84daa0ac75caf7ba74bd48e	28097fff1ad16082538f1d722089136a	Morrowind Rebirth	Mod DB	https://www.moddb.com/mods/morrowind-rebirth/downloads/release-morrowind-rebirth-64
Morrowind_Rebirth.1(7).rar	cbe0fd797d810d277a8fcf067cbd83e229b0788d06669a890bd225cf6644f45e	7de32831ac0b08634cdfc3880adbb652	Morrowind Rebirth	Mod DB	https://www.moddb.com/mods/morrowind-rebirth/downloads/release-morrowind-rebirth-66
Morrowind_Rebirth.1(8).rar	f1ed697865e4fab009684ec8612d91b6afce9a3a412a75f3b9fa558fdb44011e	d0284bc34a70fb7bee7501b8bf2a11de	Morrowind Rebirth	Mod DB	https://www.moddb.com/mods/morrowind-rebirth/downloads/release-morrowind-rebirth-68
Morrowind_Rebirth.1.rar	c1b562f30b4dfdc367ef2d987ffdc3dbbefd6df62d9486ef1feb6ebf22aea75c	4ddafa3616858cd3a2445f5ac660eff3	Morrowind Rebirth	Mod DB	https://www.moddb.com/mods/morrowind-rebirth/downloads/release-morrowind-rebirth-52
Morrowind_Rebirth.2.rar	0bfbc1f157166506217581e65fc11f2bd9548a5b95e3f023b4422bb5235309d0	59c450c245999bf873234c25ac37f152	Morrowind Rebirth	Mod DB	https://www.moddb.com/mods/morrowind-rebirth/downloads/release-morrowind-rebirth-54
Morrowind_Rebirth.3(1).rar	420ecc3a18a228c9717d83b6ff2ee2ed8d48ea357be65076372ae50bd775e665	06f76fca9fb16912c384aa7def9e3579	Morrowind Rebirth	Mod DB	https://www.moddb.com/mods/morrowind-rebirth/downloads/release-morrowind-rebirth-69
Morrowind_Rebirth.3.rar	2b0c0824f0fb4bd0952da21d656077aa5a613511601e00748d9606a336df3936	dcec831570711a998d4bcf71d9d3cdfd	Morrowind Rebirth	Mod DB	https://www.moddb.com/mods/morrowind-rebirth/downloads/release-morrowind-rebirth-70
Morrowind_Rebirth.rar	2be0b5a2d0c90802f8fc3050b66e867004afa4802f5e1bdae242071e9f636bb9	50f1710ffb49f572fedd23f5162a75a8	Morrowind Rebirth	Mod DB	https://www.moddb.com/mods/morrowind-rebirth/downloads/release-morrowind-rebirth-53
Morrowind_Rebirth_-_Optional_Files.rar	ae5df05d93ab64c619d2a1342f89996260cb41a5a4e73e433bc6b1599d3fffcc	2557f507bc4ce8bf63733942bb7c9086	Morrowind Rebirth	Mod DB	https://www.moddb.com/mods/morrowind-rebirth/downloads/release-morrowind-rebirth-45-optional-files
Morrowind_Rebirth_4.43.rar	b606ef07303cf308e9b4d673ba03b96db008b4cf8bbe7b2d166b963f99299803	636fd1a8051b50f5a1e036b11a6233b9	Morrowind Rebirth	Mod DB	https://www.moddb.com/mods/morrowind-rebirth/downloads/release-morrowind-rebirth-443
Morrowind_Rebirth_4.7_Patch.1.rar	f34e1f905e93fec7106f5b377a0b6c20f5f651796a4339f7a6bb1636f1f54575	f55b4b0b9fd61f67ef1748685d5883f8	Morrowind Rebirth	Mod DB	https://www.moddb.com/mods/morrowind-rebirth/downloads/release-morrowind-rebirth-47-patch
Morrowind_Rebirth_5.1.1.rar	c8d628936bc943e372daa782b74b40bfc0ac44adf9a54eddf00d2171d4208582	0b2dfa1d796a766f1717bb7f60228a07	Morrowind Rebirth	Mod DB	https://www.moddb.com/mods/morrowind-rebirth/downloads/release-morrowind-rebirth-51
Morrowind_Rebirth_Hotfix(1).rar	34073abcafd9c8de47b34633823b42c6d0523036b6b19744295f2c8c663206a1	886a48cbc67f856d87592fb1a7eaaa84	Morrowind Rebirth	Mod DB	https://www.moddb.com/mods/morrowind-rebirth/downloads/relese-morrowind-rebirth-hotfix
Morrowind_Rebirth_Hotfix(2).rar	ee16381a9e88401f008461addc67b59af5717c024a06b632cddae2175512dec6	6791d4c1c687284cf40dc0bea7fa1a11	Morrowind Rebirth	Mod DB	https://www.moddb.com/mods/morrowind-rebirth/downloads/release-morrowind-rebirth-551-hotfix
Morrowind_Rebirth_Hotfix.2.rar	f37090c58e12ae4b1e14ac4921768bd24f3530e19b2d9e114a4888a951963bdd	05f1b4b6417153caabdbf5bbcd57d2a2	Morrowind Rebirth	Mod DB	https://www.moddb.com/mods/morrowind-rebirth/downloads/release-morrowind-rebirth-49-hotfix
Morrowind_Rebirth_Hotfix.rar	ef714324294cb5d5e1a0e7f48ecd01be56cfea43daa2765c672ceb56608cacf3	a4c3876f94d6347eb785c0ab6f9b584c	Morrowind Rebirth	Mod DB	https://www.moddb.com/mods/morrowind-rebirth/downloads/release-morrowind-rebirth-hotfix
Morrowind_Rebirth_LITE.rar	0a273dc5758fd077f81806f0457287084c84b45bff43f16d2c79cc6ec68f5495	66ae581e229f7bfaa4f2b2aff571dea6	Morrowind Rebirth	Mod DB	https://www.moddb.com/mods/morrowind-rebirth/downloads/release-morrowind-rebirth-v-50-lite
Morrowind_Rebirth_Main.rar	5d3aa5a8764a9b49c323e7fdad3a3c56704e02dd1e9863d35cc45e56e5987e5b	813d845b0592e886180cff050f850cb2	Morrowind Rebirth	Mod DB	https://www.moddb.com/mods/morrowind-rebirth/downloads/release-morrowind-rebirth-46-patch
Morrowind_Rebirth_v_1.6.rar	91641b945f188192487d3178da7897a3feb566c1c526d0cc0a94c432fb0ae40e	87214f6e17dcfa00786ebe57b1b86b39	Morrowind Rebirth	Mod DB	https://www.moddb.com/mods/morrowind-rebirth/downloads/morrowind-rebirth-1-6
Morrowind_Rebirth_v_4.1.rar	1aa8ad8dafcf92443e9164a203614657c8b8656065caaeee5a5e2762a4f35c3f	7f5212833c58c3de2b2ab5b5c16d7476	Morrowind Rebirth	Mod DB	https://www.moddb.com/mods/morrowind-rebirth/downloads/release-morrowind-rebirth-v-41
Morrowind_Rebirth_v_4.11.rar	6822f42fc74e7241cd851b0747241c1169dedcd2e932eeca7588cd8eb83a7d44	fe988adc89920f003d57576dea896447	Morrowind Rebirth	Mod DB	https://www.moddb.com/mods/morrowind-rebirth/downloads/release-morrowind-rebirth-411
Morrowind_Rebirth_v_4.12.rar	aa91cb618169c2c10f80a962ea47c792cac2af14de58462ca47b4e0cf84631f0	cd4cff40b42c9b1735885094ebdfbf50	Morrowind Rebirth	Mod DB	https://www.moddb.com/mods/morrowind-rebirth/downloads/release-morrowind-rebirth-412
Morrowind_Rebirth_v_4.13.rar	96855ad4ff8838e99436df89b72f5c8c4b1a1e86dd800eecb40b1820dc8c6477	1e9ee12d3838683cd9542cf877080526	Morrowind Rebirth	Mod DB	https://www.moddb.com/mods/morrowind-rebirth/downloads/release-morrowind-rebirth-413
Morrowind_Rebirth_v_4.2.rar	f92e0315bf4ad531793b92f8428ccabacc28f22c97bb66218912f060bfac6ff7	e87f98f2acad27e635598247e36a9fd5	Morrowind Rebirth	Mod DB	https://www.moddb.com/mods/morrowind-rebirth/downloads/release-morrowind-rebirth-42
Morrowind_Rebirth_v_4.3.rar	2592beab383765b140c84559d6d5ca9ae76777607e7a492b59c26d4938e08d35	1a8912b75918499b2914b46b90734e88	Morrowind Rebirth	Mod DB	https://www.moddb.com/mods/morrowind-rebirth/downloads/release-morrowind-rebirth-43
Morrowind_Rebirth_v_4.31.rar	25be43fec2c0e43cdfdda1ad1207717a46016fe3f4b71d2d46fc67a42e622c90	82196a1211cb4c6b2acaeda83b8ee3f4	Morrowind Rebirth	Mod DB	https://www.moddb.com/mods/morrowind-rebirth/downloads/release-morrowind-rebirth-431
Morrowind_Rebirth_v_4.4.5.rar	e1fda156cf71f1652e1ec9c755c98fb07e76438c6fde373a4fac0d8580acabeb	46279cad66c8dfee8a2ca9bae025fd7a	Morrowind Rebirth	Mod DB	https://www.moddb.com/mods/morrowind-rebirth/downloads/release-morrowind-rebirth-44
Morrowind_Rebirth_v_4.42.rar	3d311d4678fa7bbd8515e1d788cbe4ff13efcac648a5b0344cd2b1ceadb895ed	396ea2e961f59fb53e99fc8083bceb6b	Morrowind Rebirth	Mod DB	https://www.moddb.com/mods/morrowind-rebirth/downloads/release-morrowind-rebirth-442
Morrowind_Rebirth_v_4.5.rar	981ebf4fa5b5a3e369a6685368076b36511dfcd7de8b1fe392775fce9babf1f9	e3aa5113ac3413c5543fd31af2065138	Morrowind Rebirth	Mod DB	https://www.moddb.com/mods/morrowind-rebirth/downloads/release-morrowind-rebirth-45
Morrowind_Rebirth_v_4.6.rar	2bd23e757e78ac7d2ead93f1d965ae6c5a8c7ffcee62237d2fc91073c01c8794	52b57d0d3e1c641dc7cfa14b525ed21e	Morrowind Rebirth	Mod DB	https://www.moddb.com/mods/morrowind-rebirth/downloads/release-morrowind-rebirth-46
Morrowind_Rebirth_v_4.71.rar	537bed260e5897eb59492b0920a3b59a75d496434ee0657ef7da686d638ee82c	3e8ce4163d262242a7aced29799f9f9e	Morrowind Rebirth	Mod DB	https://www.moddb.com/mods/morrowind-rebirth/downloads/release-morrowind-rebirth-47
Morrowind_Rebirth_v_4.8.10.rar	3e0f3d7b16d91708c1f24d174507a812ab19fb3ccb504620b63733b08533668a	c1cfa92f654ed7154ecd906d91584977	Morrowind Rebirth	Mod DB	https://www.moddb.com/mods/morrowind-rebirth/downloads/release-morrowind-rebirth-48
Morrowind_Rebirth_v_4.9.rar	fa39f6a17081459b264a8996650566bb75afe6019d8388364853b45384640647	bb4fc7506108d5cd3894b50fb67719be	Morrowind Rebirth	Mod DB	https://www.moddb.com/mods/morrowind-rebirth/downloads/release-morrowind-rebirth-49
Morrowind_Rebirth_v_5.0_Part_2.rar	295dfebaba99526f0442e848fea7a5c40fa78687540d7e61856f4c6b582ad444	2a363c3cd6f9fd3c7a2e0cef8872c505	Morrowind Rebirth	Mod DB	https://www.moddb.com/mods/morrowind-rebirth/downloads/morrowind-rebirth-v-5-0-part-2
