fileName	modId	url	modName	site
Clean Main Quest Overhaul 1.3 [For Rebirth].ESP	Morrowind_Rebirth(1).rar	https://www.moddb.com/mods/morrowind-rebirth/downloads/release-morrowind-rebirth-56	Morrowind Rebirth	Mod DB
Clean Main Quest Overhaul 1.3 [For Rebirth].ESP	Morrowind_Rebirth(2).rar	https://www.moddb.com/mods/morrowind-rebirth/downloads/morrowind-rebirth	Morrowind Rebirth	Mod DB
Clean Main Quest Overhaul 1.3 [For Rebirth].ESP	Morrowind_Rebirth(3).rar	https://www.moddb.com/mods/morrowind-rebirth/downloads/relese-morrowind-rebirth-58	Morrowind Rebirth	Mod DB
Clean Main Quest Overhaul 1.3 [For Rebirth].ESP	Morrowind_Rebirth(4).rar	https://www.moddb.com/mods/morrowind-rebirth/downloads/release-morrowind-rebirth-63	Morrowind Rebirth	Mod DB
Clean Main Quest Overhaul 1.3 [For Rebirth].ESP	Morrowind_Rebirth.1(1).rar	https://www.moddb.com/mods/morrowind-rebirth/downloads/release-morrowind-rebith-55	Morrowind Rebirth	Mod DB
Clean Main Quest Overhaul 1.3 [For Rebirth].ESP	Morrowind_Rebirth.1(2).rar	https://www.moddb.com/mods/morrowind-rebirth/downloads/release-morrowind-rebirth-59	Morrowind Rebirth	Mod DB
Clean Main Quest Overhaul 1.3 [For Rebirth].ESP	Morrowind_Rebirth.1(3).rar	https://www.moddb.com/mods/morrowind-rebirth/downloads/release-morrowind-rebirth-60	Morrowind Rebirth	Mod DB
Clean Main Quest Overhaul 1.3 [For Rebirth].ESP	Morrowind_Rebirth.1(4).rar	https://www.moddb.com/mods/morrowind-rebirth/downloads/release-morrowind-rebirth-61	Morrowind Rebirth	Mod DB
Clean Main Quest Overhaul 1.3 [For Rebirth].ESP	Morrowind_Rebirth.1(5).rar	https://www.moddb.com/mods/morrowind-rebirth/downloads/release-morrowind-rebirth-62	Morrowind Rebirth	Mod DB
Clean Main Quest Overhaul 1.3 [For Rebirth].ESP	Morrowind_Rebirth.2.rar	https://www.moddb.com/mods/morrowind-rebirth/downloads/release-morrowind-rebirth-54	Morrowind Rebirth	Mod DB
Dramatic Vivec [For Rebirth].esp	Morrowind_Rebirth_v_4.8.10.rar	https://www.moddb.com/mods/morrowind-rebirth/downloads/release-morrowind-rebirth-48	Morrowind Rebirth	Mod DB
Dramatic Vivec [For Rebirth].esp	Morrowind_Rebirth_v_4.9.rar	https://www.moddb.com/mods/morrowind-rebirth/downloads/release-morrowind-rebirth-49	Morrowind Rebirth	Mod DB
Dramatic_Vivec [For Rebirth].esp	Morrowind_Rebirth_v_4.71.rar	https://www.moddb.com/mods/morrowind-rebirth/downloads/release-morrowind-rebirth-47	Morrowind Rebirth	Mod DB
Holamayan Monastery Replacer [For Rebirth].esp	Morrowind_Rebirth_v_4.8.10.rar	https://www.moddb.com/mods/morrowind-rebirth/downloads/release-morrowind-rebirth-48	Morrowind Rebirth	Mod DB
Holamayan Monastery Replacer [For Rebirth].esp	Morrowind_Rebirth_v_4.9.rar	https://www.moddb.com/mods/morrowind-rebirth/downloads/release-morrowind-rebirth-49	Morrowind Rebirth	Mod DB
Illegal Dwemer Trading [For Rebirth].esp	Morrowind_Rebirth_v_4.71.rar	https://www.moddb.com/mods/morrowind-rebirth/downloads/release-morrowind-rebirth-47	Morrowind Rebirth	Mod DB
Illegal Dwemer Trading [For Rebirth].esp	Morrowind_Rebirth_v_4.8.10.rar	https://www.moddb.com/mods/morrowind-rebirth/downloads/release-morrowind-rebirth-48	Morrowind Rebirth	Mod DB
Illegal Dwemer Trading [For Rebirth].esp	Morrowind_Rebirth_v_4.9.rar	https://www.moddb.com/mods/morrowind-rebirth/downloads/release-morrowind-rebirth-49	Morrowind Rebirth	Mod DB
Julan Ashlander Companion 2.0 [For Rebirth].esp	Morrowind_Rebirth_v_4.5.rar	https://www.moddb.com/mods/morrowind-rebirth/downloads/release-morrowind-rebirth-45	Morrowind Rebirth	Mod DB
Julan Ashlander Companion 2.0 [For Rebirth].esp	Morrowind_Rebirth_v_4.6.rar	https://www.moddb.com/mods/morrowind-rebirth/downloads/release-morrowind-rebirth-46	Morrowind Rebirth	Mod DB
Julan Ashlander Companion 2.0 [Rebirth].esp	Morrowind_Rebirth_v_4.11.rar	https://www.moddb.com/mods/morrowind-rebirth/downloads/release-morrowind-rebirth-411	Morrowind Rebirth	Mod DB
Julan Ashlander Companion 2.0 [Rebirth].esp	Morrowind_Rebirth_v_4.12.rar	https://www.moddb.com/mods/morrowind-rebirth/downloads/release-morrowind-rebirth-412	Morrowind Rebirth	Mod DB
Julan Ashlander Companion 2.0 [Rebirth].esp	Morrowind_Rebirth_v_4.13.rar	https://www.moddb.com/mods/morrowind-rebirth/downloads/release-morrowind-rebirth-413	Morrowind Rebirth	Mod DB
Julan Ashlander Companion 2.0 [Rebirth].esp	Morrowind_Rebirth_v_4.2.rar	https://www.moddb.com/mods/morrowind-rebirth/downloads/release-morrowind-rebirth-42	Morrowind Rebirth	Mod DB
Julan Ashlander Companion 2.0 [Rebirth].esp	Morrowind_Rebirth_v_4.3.rar	https://www.moddb.com/mods/morrowind-rebirth/downloads/release-morrowind-rebirth-43	Morrowind Rebirth	Mod DB
Julan Ashlander Companion 2.0 [Rebirth].esp	Morrowind_Rebirth_v_4.31.rar	https://www.moddb.com/mods/morrowind-rebirth/downloads/release-morrowind-rebirth-431	Morrowind Rebirth	Mod DB
Julan Ashlander Companion 2.0 [Rebirth].esp	Morrowind_Rebirth_v_4.4.5.rar	https://www.moddb.com/mods/morrowind-rebirth/downloads/release-morrowind-rebirth-44	Morrowind Rebirth	Mod DB
Julan Ashlander Companion 2.0 [Rebirth].esp	Morrowind_Rebirth_v_4.42.rar	https://www.moddb.com/mods/morrowind-rebirth/downloads/release-morrowind-rebirth-442	Morrowind Rebirth	Mod DB
Julan Ashlander Companion 2.02 [For Rebirth].esp	Morrowind_Rebirth(1).rar	https://www.moddb.com/mods/morrowind-rebirth/downloads/release-morrowind-rebirth-56	Morrowind Rebirth	Mod DB
Julan Ashlander Companion 2.02 [For Rebirth].esp	Morrowind_Rebirth(2).rar	https://www.moddb.com/mods/morrowind-rebirth/downloads/morrowind-rebirth	Morrowind Rebirth	Mod DB
Julan Ashlander Companion 2.02 [For Rebirth].esp	Morrowind_Rebirth(3).rar	https://www.moddb.com/mods/morrowind-rebirth/downloads/relese-morrowind-rebirth-58	Morrowind Rebirth	Mod DB
Julan Ashlander Companion 2.02 [For Rebirth].esp	Morrowind_Rebirth(4).rar	https://www.moddb.com/mods/morrowind-rebirth/downloads/release-morrowind-rebirth-63	Morrowind Rebirth	Mod DB
Julan Ashlander Companion 2.02 [For Rebirth].esp	Morrowind_Rebirth(5).rar	https://www.moddb.com/mods/morrowind-rebirth/downloads/release-morrowind-rebirth-65	Morrowind Rebirth	Mod DB
Julan Ashlander Companion 2.02 [For Rebirth].esp	Morrowind_Rebirth(6).rar	https://www.moddb.com/mods/morrowind-rebirth/downloads/release-morrowind-rebirth-67	Morrowind Rebirth	Mod DB
Julan Ashlander Companion 2.02 [For Rebirth].esp	Morrowind_Rebirth.1(1).rar	https://www.moddb.com/mods/morrowind-rebirth/downloads/release-morrowind-rebith-55	Morrowind Rebirth	Mod DB
Julan Ashlander Companion 2.02 [For Rebirth].esp	Morrowind_Rebirth.1(2).rar	https://www.moddb.com/mods/morrowind-rebirth/downloads/release-morrowind-rebirth-59	Morrowind Rebirth	Mod DB
Julan Ashlander Companion 2.02 [For Rebirth].esp	Morrowind_Rebirth.1(3).rar	https://www.moddb.com/mods/morrowind-rebirth/downloads/release-morrowind-rebirth-60	Morrowind Rebirth	Mod DB
Julan Ashlander Companion 2.02 [For Rebirth].esp	Morrowind_Rebirth.1(4).rar	https://www.moddb.com/mods/morrowind-rebirth/downloads/release-morrowind-rebirth-61	Morrowind Rebirth	Mod DB
Julan Ashlander Companion 2.02 [For Rebirth].esp	Morrowind_Rebirth.1(5).rar	https://www.moddb.com/mods/morrowind-rebirth/downloads/release-morrowind-rebirth-62	Morrowind Rebirth	Mod DB
Julan Ashlander Companion 2.02 [For Rebirth].esp	Morrowind_Rebirth.1(6).rar	https://www.moddb.com/mods/morrowind-rebirth/downloads/release-morrowind-rebirth-64	Morrowind Rebirth	Mod DB
Julan Ashlander Companion 2.02 [For Rebirth].esp	Morrowind_Rebirth.1(7).rar	https://www.moddb.com/mods/morrowind-rebirth/downloads/release-morrowind-rebirth-66	Morrowind Rebirth	Mod DB
Julan Ashlander Companion 2.02 [For Rebirth].esp	Morrowind_Rebirth.1(8).rar	https://www.moddb.com/mods/morrowind-rebirth/downloads/release-morrowind-rebirth-68	Morrowind Rebirth	Mod DB
Julan Ashlander Companion 2.02 [For Rebirth].esp	Morrowind_Rebirth.1.rar	https://www.moddb.com/mods/morrowind-rebirth/downloads/release-morrowind-rebirth-52	Morrowind Rebirth	Mod DB
Julan Ashlander Companion 2.02 [For Rebirth].esp	Morrowind_Rebirth.2.rar	https://www.moddb.com/mods/morrowind-rebirth/downloads/release-morrowind-rebirth-54	Morrowind Rebirth	Mod DB
Julan Ashlander Companion 2.02 [For Rebirth].esp	Morrowind_Rebirth.3(1).rar	https://www.moddb.com/mods/morrowind-rebirth/downloads/release-morrowind-rebirth-69	Morrowind Rebirth	Mod DB
Julan Ashlander Companion 2.02 [For Rebirth].esp	Morrowind_Rebirth.3.rar	https://www.moddb.com/mods/morrowind-rebirth/downloads/release-morrowind-rebirth-70	Morrowind Rebirth	Mod DB
Julan Ashlander Companion 2.02 [For Rebirth].esp	Morrowind_Rebirth.rar	https://www.moddb.com/mods/morrowind-rebirth/downloads/release-morrowind-rebirth-53	Morrowind Rebirth	Mod DB
Julan Ashlander Companion 2.02 [For Rebirth].esp	Morrowind_Rebirth_5.1.1.rar	https://www.moddb.com/mods/morrowind-rebirth/downloads/release-morrowind-rebirth-51	Morrowind Rebirth	Mod DB
Julan Ashlander Companion 2.02 [For Rebirth].esp	Morrowind_Rebirth_v_4.71.rar	https://www.moddb.com/mods/morrowind-rebirth/downloads/release-morrowind-rebirth-47	Morrowind Rebirth	Mod DB
Julan Ashlander Companion 2.02 [For Rebirth].esp	Morrowind_Rebirth_v_4.8.10.rar	https://www.moddb.com/mods/morrowind-rebirth/downloads/release-morrowind-rebirth-48	Morrowind Rebirth	Mod DB
Julan Ashlander Companion 2.02 [For Rebirth].esp	Morrowind_Rebirth_v_4.9.rar	https://www.moddb.com/mods/morrowind-rebirth/downloads/release-morrowind-rebirth-49	Morrowind Rebirth	Mod DB
Julan Ashlander Companion 2.02 [For Rebirth].esp	Morrowind_Rebirth_v_5.0_Part_2.rar	https://www.moddb.com/mods/morrowind-rebirth/downloads/morrowind-rebirth-v-5-0-part-2	Morrowind Rebirth	Mod DB
Julan Ashlander Companion 3.0 beta [For Rebirth].esp	Morrowind_Rebirth(1).rar	https://www.moddb.com/mods/morrowind-rebirth/downloads/release-morrowind-rebirth-56	Morrowind Rebirth	Mod DB
Julan Ashlander Companion 3.0 beta [For Rebirth].esp	Morrowind_Rebirth(2).rar	https://www.moddb.com/mods/morrowind-rebirth/downloads/morrowind-rebirth	Morrowind Rebirth	Mod DB
Julan Ashlander Companion 3.0 beta [For Rebirth].esp	Morrowind_Rebirth(3).rar	https://www.moddb.com/mods/morrowind-rebirth/downloads/relese-morrowind-rebirth-58	Morrowind Rebirth	Mod DB
Julan Ashlander Companion 3.0 beta [For Rebirth].esp	Morrowind_Rebirth(4).rar	https://www.moddb.com/mods/morrowind-rebirth/downloads/release-morrowind-rebirth-63	Morrowind Rebirth	Mod DB
Julan Ashlander Companion 3.0 beta [For Rebirth].esp	Morrowind_Rebirth(5).rar	https://www.moddb.com/mods/morrowind-rebirth/downloads/release-morrowind-rebirth-65	Morrowind Rebirth	Mod DB
Julan Ashlander Companion 3.0 beta [For Rebirth].esp	Morrowind_Rebirth(6).rar	https://www.moddb.com/mods/morrowind-rebirth/downloads/release-morrowind-rebirth-67	Morrowind Rebirth	Mod DB
Julan Ashlander Companion 3.0 beta [For Rebirth].esp	Morrowind_Rebirth.1(1).rar	https://www.moddb.com/mods/morrowind-rebirth/downloads/release-morrowind-rebith-55	Morrowind Rebirth	Mod DB
Julan Ashlander Companion 3.0 beta [For Rebirth].esp	Morrowind_Rebirth.1(2).rar	https://www.moddb.com/mods/morrowind-rebirth/downloads/release-morrowind-rebirth-59	Morrowind Rebirth	Mod DB
Julan Ashlander Companion 3.0 beta [For Rebirth].esp	Morrowind_Rebirth.1(3).rar	https://www.moddb.com/mods/morrowind-rebirth/downloads/release-morrowind-rebirth-60	Morrowind Rebirth	Mod DB
Julan Ashlander Companion 3.0 beta [For Rebirth].esp	Morrowind_Rebirth.1(4).rar	https://www.moddb.com/mods/morrowind-rebirth/downloads/release-morrowind-rebirth-61	Morrowind Rebirth	Mod DB
Julan Ashlander Companion 3.0 beta [For Rebirth].esp	Morrowind_Rebirth.1(5).rar	https://www.moddb.com/mods/morrowind-rebirth/downloads/release-morrowind-rebirth-62	Morrowind Rebirth	Mod DB
Julan Ashlander Companion 3.0 beta [For Rebirth].esp	Morrowind_Rebirth.1(6).rar	https://www.moddb.com/mods/morrowind-rebirth/downloads/release-morrowind-rebirth-64	Morrowind Rebirth	Mod DB
Julan Ashlander Companion 3.0 beta [For Rebirth].esp	Morrowind_Rebirth.1(7).rar	https://www.moddb.com/mods/morrowind-rebirth/downloads/release-morrowind-rebirth-66	Morrowind Rebirth	Mod DB
Julan Ashlander Companion 3.0 beta [For Rebirth].esp	Morrowind_Rebirth.1(8).rar	https://www.moddb.com/mods/morrowind-rebirth/downloads/release-morrowind-rebirth-68	Morrowind Rebirth	Mod DB
Julan Ashlander Companion 3.0 beta [For Rebirth].esp	Morrowind_Rebirth.2.rar	https://www.moddb.com/mods/morrowind-rebirth/downloads/release-morrowind-rebirth-54	Morrowind Rebirth	Mod DB
Julan Ashlander Companion 3.0 beta [For Rebirth].esp	Morrowind_Rebirth.3(1).rar	https://www.moddb.com/mods/morrowind-rebirth/downloads/release-morrowind-rebirth-69	Morrowind Rebirth	Mod DB
Julan Ashlander Companion 3.0 beta [For Rebirth].esp	Morrowind_Rebirth.3.rar	https://www.moddb.com/mods/morrowind-rebirth/downloads/release-morrowind-rebirth-70	Morrowind Rebirth	Mod DB
Morrowind Patch Project 1.6.5 [For Rebirth].esm	Morrowind_Rebirth_v_4.5.rar	https://www.moddb.com/mods/morrowind-rebirth/downloads/release-morrowind-rebirth-45	Morrowind Rebirth	Mod DB
Morrowind Patch Project 1.6.5 [For Rebirth].esm	Morrowind_Rebirth_v_4.6.rar	https://www.moddb.com/mods/morrowind-rebirth/downloads/release-morrowind-rebirth-46	Morrowind Rebirth	Mod DB
Morrowind Patch Project 1.6.5 [For Rebirth].esm	Morrowind_Rebirth_v_4.71.rar	https://www.moddb.com/mods/morrowind-rebirth/downloads/release-morrowind-rebirth-47	Morrowind Rebirth	Mod DB
Morrowind Patch Project 1.6.5 [For Rebirth].esm	Morrowind_Rebirth_v_4.8.10.rar	https://www.moddb.com/mods/morrowind-rebirth/downloads/release-morrowind-rebirth-48	Morrowind Rebirth	Mod DB
Morrowind Patch Project 1.6.5 [For Rebirth].esm	Morrowind_Rebirth_v_4.9.rar	https://www.moddb.com/mods/morrowind-rebirth/downloads/release-morrowind-rebirth-49	Morrowind Rebirth	Mod DB
Morrowind Patch Project v1.6.6 [For Rebirth].esm	Morrowind_Rebirth(1).rar	https://www.moddb.com/mods/morrowind-rebirth/downloads/release-morrowind-rebirth-56	Morrowind Rebirth	Mod DB
Morrowind Patch Project v1.6.6 [For Rebirth].esm	Morrowind_Rebirth(2).rar	https://www.moddb.com/mods/morrowind-rebirth/downloads/morrowind-rebirth	Morrowind Rebirth	Mod DB
Morrowind Patch Project v1.6.6 [For Rebirth].esm	Morrowind_Rebirth(3).rar	https://www.moddb.com/mods/morrowind-rebirth/downloads/relese-morrowind-rebirth-58	Morrowind Rebirth	Mod DB
Morrowind Patch Project v1.6.6 [For Rebirth].esm	Morrowind_Rebirth(4).rar	https://www.moddb.com/mods/morrowind-rebirth/downloads/release-morrowind-rebirth-63	Morrowind Rebirth	Mod DB
Morrowind Patch Project v1.6.6 [For Rebirth].esm	Morrowind_Rebirth(5).rar	https://www.moddb.com/mods/morrowind-rebirth/downloads/release-morrowind-rebirth-65	Morrowind Rebirth	Mod DB
Morrowind Patch Project v1.6.6 [For Rebirth].esm	Morrowind_Rebirth(6).rar	https://www.moddb.com/mods/morrowind-rebirth/downloads/release-morrowind-rebirth-67	Morrowind Rebirth	Mod DB
Morrowind Patch Project v1.6.6 [For Rebirth].esm	Morrowind_Rebirth.1(1).rar	https://www.moddb.com/mods/morrowind-rebirth/downloads/release-morrowind-rebith-55	Morrowind Rebirth	Mod DB
Morrowind Patch Project v1.6.6 [For Rebirth].esm	Morrowind_Rebirth.1(2).rar	https://www.moddb.com/mods/morrowind-rebirth/downloads/release-morrowind-rebirth-59	Morrowind Rebirth	Mod DB
Morrowind Patch Project v1.6.6 [For Rebirth].esm	Morrowind_Rebirth.1(3).rar	https://www.moddb.com/mods/morrowind-rebirth/downloads/release-morrowind-rebirth-60	Morrowind Rebirth	Mod DB
Morrowind Patch Project v1.6.6 [For Rebirth].esm	Morrowind_Rebirth.1(4).rar	https://www.moddb.com/mods/morrowind-rebirth/downloads/release-morrowind-rebirth-61	Morrowind Rebirth	Mod DB
Morrowind Patch Project v1.6.6 [For Rebirth].esm	Morrowind_Rebirth.1(5).rar	https://www.moddb.com/mods/morrowind-rebirth/downloads/release-morrowind-rebirth-62	Morrowind Rebirth	Mod DB
Morrowind Patch Project v1.6.6 [For Rebirth].esm	Morrowind_Rebirth.1(6).rar	https://www.moddb.com/mods/morrowind-rebirth/downloads/release-morrowind-rebirth-64	Morrowind Rebirth	Mod DB
Morrowind Patch Project v1.6.6 [For Rebirth].esm	Morrowind_Rebirth.1(7).rar	https://www.moddb.com/mods/morrowind-rebirth/downloads/release-morrowind-rebirth-66	Morrowind Rebirth	Mod DB
Morrowind Patch Project v1.6.6 [For Rebirth].esm	Morrowind_Rebirth.1(8).rar	https://www.moddb.com/mods/morrowind-rebirth/downloads/release-morrowind-rebirth-68	Morrowind Rebirth	Mod DB
Morrowind Patch Project v1.6.6 [For Rebirth].esm	Morrowind_Rebirth.1.rar	https://www.moddb.com/mods/morrowind-rebirth/downloads/release-morrowind-rebirth-52	Morrowind Rebirth	Mod DB
Morrowind Patch Project v1.6.6 [For Rebirth].esm	Morrowind_Rebirth.2.rar	https://www.moddb.com/mods/morrowind-rebirth/downloads/release-morrowind-rebirth-54	Morrowind Rebirth	Mod DB
Morrowind Patch Project v1.6.6 [For Rebirth].esm	Morrowind_Rebirth.3(1).rar	https://www.moddb.com/mods/morrowind-rebirth/downloads/release-morrowind-rebirth-69	Morrowind Rebirth	Mod DB
Morrowind Patch Project v1.6.6 [For Rebirth].esm	Morrowind_Rebirth.3.rar	https://www.moddb.com/mods/morrowind-rebirth/downloads/release-morrowind-rebirth-70	Morrowind Rebirth	Mod DB
Morrowind Patch Project v1.6.6 [For Rebirth].esm	Morrowind_Rebirth.rar	https://www.moddb.com/mods/morrowind-rebirth/downloads/release-morrowind-rebirth-53	Morrowind Rebirth	Mod DB
Morrowind Patch Project v1.6.6 [For Rebirth].esm	Morrowind_Rebirth_5.1.1.rar	https://www.moddb.com/mods/morrowind-rebirth/downloads/release-morrowind-rebirth-51	Morrowind Rebirth	Mod DB
Morrowind Patch Project v1.6.6 [For Rebirth].esm	Morrowind_Rebirth_v_5.0_Part_2.rar	https://www.moddb.com/mods/morrowind-rebirth/downloads/morrowind-rebirth-v-5-0-part-2	Morrowind Rebirth	Mod DB
Morrowind Rebirth - Birthsigns [Addon].ESP	Morrowind_Rebirth(1).rar	https://www.moddb.com/mods/morrowind-rebirth/downloads/release-morrowind-rebirth-56	Morrowind Rebirth	Mod DB
Morrowind Rebirth - Birthsigns [Addon].ESP	Morrowind_Rebirth(2).rar	https://www.moddb.com/mods/morrowind-rebirth/downloads/morrowind-rebirth	Morrowind Rebirth	Mod DB
Morrowind Rebirth - Birthsigns [Addon].ESP	Morrowind_Rebirth(3).rar	https://www.moddb.com/mods/morrowind-rebirth/downloads/relese-morrowind-rebirth-58	Morrowind Rebirth	Mod DB
Morrowind Rebirth - Birthsigns [Addon].ESP	Morrowind_Rebirth(4).rar	https://www.moddb.com/mods/morrowind-rebirth/downloads/release-morrowind-rebirth-63	Morrowind Rebirth	Mod DB
Morrowind Rebirth - Birthsigns [Addon].ESP	Morrowind_Rebirth(5).rar	https://www.moddb.com/mods/morrowind-rebirth/downloads/release-morrowind-rebirth-65	Morrowind Rebirth	Mod DB
Morrowind Rebirth - Birthsigns [Addon].ESP	Morrowind_Rebirth(6).rar	https://www.moddb.com/mods/morrowind-rebirth/downloads/release-morrowind-rebirth-67	Morrowind Rebirth	Mod DB
Morrowind Rebirth - Birthsigns [Addon].ESP	Morrowind_Rebirth.1(1).rar	https://www.moddb.com/mods/morrowind-rebirth/downloads/release-morrowind-rebith-55	Morrowind Rebirth	Mod DB
Morrowind Rebirth - Birthsigns [Addon].ESP	Morrowind_Rebirth.1(2).rar	https://www.moddb.com/mods/morrowind-rebirth/downloads/release-morrowind-rebirth-59	Morrowind Rebirth	Mod DB
Morrowind Rebirth - Birthsigns [Addon].ESP	Morrowind_Rebirth.1(3).rar	https://www.moddb.com/mods/morrowind-rebirth/downloads/release-morrowind-rebirth-60	Morrowind Rebirth	Mod DB
Morrowind Rebirth - Birthsigns [Addon].ESP	Morrowind_Rebirth.1(4).rar	https://www.moddb.com/mods/morrowind-rebirth/downloads/release-morrowind-rebirth-61	Morrowind Rebirth	Mod DB
Morrowind Rebirth - Birthsigns [Addon].ESP	Morrowind_Rebirth.1(5).rar	https://www.moddb.com/mods/morrowind-rebirth/downloads/release-morrowind-rebirth-62	Morrowind Rebirth	Mod DB
Morrowind Rebirth - Birthsigns [Addon].ESP	Morrowind_Rebirth.1(6).rar	https://www.moddb.com/mods/morrowind-rebirth/downloads/release-morrowind-rebirth-64	Morrowind Rebirth	Mod DB
Morrowind Rebirth - Birthsigns [Addon].ESP	Morrowind_Rebirth.1(7).rar	https://www.moddb.com/mods/morrowind-rebirth/downloads/release-morrowind-rebirth-66	Morrowind Rebirth	Mod DB
Morrowind Rebirth - Birthsigns [Addon].ESP	Morrowind_Rebirth.1(8).rar	https://www.moddb.com/mods/morrowind-rebirth/downloads/release-morrowind-rebirth-68	Morrowind Rebirth	Mod DB
Morrowind Rebirth - Birthsigns [Addon].ESP	Morrowind_Rebirth.1.rar	https://www.moddb.com/mods/morrowind-rebirth/downloads/release-morrowind-rebirth-52	Morrowind Rebirth	Mod DB
Morrowind Rebirth - Birthsigns [Addon].ESP	Morrowind_Rebirth.2.rar	https://www.moddb.com/mods/morrowind-rebirth/downloads/release-morrowind-rebirth-54	Morrowind Rebirth	Mod DB
Morrowind Rebirth - Birthsigns [Addon].ESP	Morrowind_Rebirth.3(1).rar	https://www.moddb.com/mods/morrowind-rebirth/downloads/release-morrowind-rebirth-69	Morrowind Rebirth	Mod DB
Morrowind Rebirth - Birthsigns [Addon].ESP	Morrowind_Rebirth.3.rar	https://www.moddb.com/mods/morrowind-rebirth/downloads/release-morrowind-rebirth-70	Morrowind Rebirth	Mod DB
Morrowind Rebirth - Birthsigns [Addon].ESP	Morrowind_Rebirth.rar	https://www.moddb.com/mods/morrowind-rebirth/downloads/release-morrowind-rebirth-53	Morrowind Rebirth	Mod DB
Morrowind Rebirth - Birthsigns [Addon].ESP	Morrowind_Rebirth_5.1.1.rar	https://www.moddb.com/mods/morrowind-rebirth/downloads/release-morrowind-rebirth-51	Morrowind Rebirth	Mod DB
Morrowind Rebirth - Birthsigns [Addon].ESP	Morrowind_Rebirth_v_4.8.10.rar	https://www.moddb.com/mods/morrowind-rebirth/downloads/release-morrowind-rebirth-48	Morrowind Rebirth	Mod DB
Morrowind Rebirth - Birthsigns [Addon].ESP	Morrowind_Rebirth_v_4.9.rar	https://www.moddb.com/mods/morrowind-rebirth/downloads/release-morrowind-rebirth-49	Morrowind Rebirth	Mod DB
Morrowind Rebirth - Birthsigns [Addon].ESP	Morrowind_Rebirth_v_5.0_Part_2.rar	https://www.moddb.com/mods/morrowind-rebirth/downloads/morrowind-rebirth-v-5-0-part-2	Morrowind Rebirth	Mod DB
Morrowind Rebirth - Game Settings [Addon].ESP	Morrowind_Rebirth(1).rar	https://www.moddb.com/mods/morrowind-rebirth/downloads/release-morrowind-rebirth-56	Morrowind Rebirth	Mod DB
Morrowind Rebirth - Game Settings [Addon].ESP	Morrowind_Rebirth(2).rar	https://www.moddb.com/mods/morrowind-rebirth/downloads/morrowind-rebirth	Morrowind Rebirth	Mod DB
Morrowind Rebirth - Game Settings [Addon].ESP	Morrowind_Rebirth(3).rar	https://www.moddb.com/mods/morrowind-rebirth/downloads/relese-morrowind-rebirth-58	Morrowind Rebirth	Mod DB
Morrowind Rebirth - Game Settings [Addon].ESP	Morrowind_Rebirth(4).rar	https://www.moddb.com/mods/morrowind-rebirth/downloads/release-morrowind-rebirth-63	Morrowind Rebirth	Mod DB
Morrowind Rebirth - Game Settings [Addon].ESP	Morrowind_Rebirth(5).rar	https://www.moddb.com/mods/morrowind-rebirth/downloads/release-morrowind-rebirth-65	Morrowind Rebirth	Mod DB
Morrowind Rebirth - Game Settings [Addon].ESP	Morrowind_Rebirth(6).rar	https://www.moddb.com/mods/morrowind-rebirth/downloads/release-morrowind-rebirth-67	Morrowind Rebirth	Mod DB
Morrowind Rebirth - Game Settings [Addon].ESP	Morrowind_Rebirth.1(1).rar	https://www.moddb.com/mods/morrowind-rebirth/downloads/release-morrowind-rebith-55	Morrowind Rebirth	Mod DB
Morrowind Rebirth - Game Settings [Addon].ESP	Morrowind_Rebirth.1(2).rar	https://www.moddb.com/mods/morrowind-rebirth/downloads/release-morrowind-rebirth-59	Morrowind Rebirth	Mod DB
Morrowind Rebirth - Game Settings [Addon].ESP	Morrowind_Rebirth.1(3).rar	https://www.moddb.com/mods/morrowind-rebirth/downloads/release-morrowind-rebirth-60	Morrowind Rebirth	Mod DB
Morrowind Rebirth - Game Settings [Addon].ESP	Morrowind_Rebirth.1(4).rar	https://www.moddb.com/mods/morrowind-rebirth/downloads/release-morrowind-rebirth-61	Morrowind Rebirth	Mod DB
Morrowind Rebirth - Game Settings [Addon].ESP	Morrowind_Rebirth.1(5).rar	https://www.moddb.com/mods/morrowind-rebirth/downloads/release-morrowind-rebirth-62	Morrowind Rebirth	Mod DB
Morrowind Rebirth - Game Settings [Addon].ESP	Morrowind_Rebirth.1(6).rar	https://www.moddb.com/mods/morrowind-rebirth/downloads/release-morrowind-rebirth-64	Morrowind Rebirth	Mod DB
Morrowind Rebirth - Game Settings [Addon].ESP	Morrowind_Rebirth.1(7).rar	https://www.moddb.com/mods/morrowind-rebirth/downloads/release-morrowind-rebirth-66	Morrowind Rebirth	Mod DB
Morrowind Rebirth - Game Settings [Addon].ESP	Morrowind_Rebirth.1(8).rar	https://www.moddb.com/mods/morrowind-rebirth/downloads/release-morrowind-rebirth-68	Morrowind Rebirth	Mod DB
Morrowind Rebirth - Game Settings [Addon].ESP	Morrowind_Rebirth.1.rar	https://www.moddb.com/mods/morrowind-rebirth/downloads/release-morrowind-rebirth-52	Morrowind Rebirth	Mod DB
Morrowind Rebirth - Game Settings [Addon].ESP	Morrowind_Rebirth.2.rar	https://www.moddb.com/mods/morrowind-rebirth/downloads/release-morrowind-rebirth-54	Morrowind Rebirth	Mod DB
Morrowind Rebirth - Game Settings [Addon].ESP	Morrowind_Rebirth.3(1).rar	https://www.moddb.com/mods/morrowind-rebirth/downloads/release-morrowind-rebirth-69	Morrowind Rebirth	Mod DB
Morrowind Rebirth - Game Settings [Addon].ESP	Morrowind_Rebirth.3.rar	https://www.moddb.com/mods/morrowind-rebirth/downloads/release-morrowind-rebirth-70	Morrowind Rebirth	Mod DB
Morrowind Rebirth - Game Settings [Addon].ESP	Morrowind_Rebirth.rar	https://www.moddb.com/mods/morrowind-rebirth/downloads/release-morrowind-rebirth-53	Morrowind Rebirth	Mod DB
Morrowind Rebirth - Game Settings [Addon].ESP	Morrowind_Rebirth_5.1.1.rar	https://www.moddb.com/mods/morrowind-rebirth/downloads/release-morrowind-rebirth-51	Morrowind Rebirth	Mod DB
Morrowind Rebirth - Game Settings [Addon].ESP	Morrowind_Rebirth_v_4.5.rar	https://www.moddb.com/mods/morrowind-rebirth/downloads/release-morrowind-rebirth-45	Morrowind Rebirth	Mod DB
Morrowind Rebirth - Game Settings [Addon].ESP	Morrowind_Rebirth_v_4.6.rar	https://www.moddb.com/mods/morrowind-rebirth/downloads/release-morrowind-rebirth-46	Morrowind Rebirth	Mod DB
Morrowind Rebirth - Game Settings [Addon].ESP	Morrowind_Rebirth_v_4.71.rar	https://www.moddb.com/mods/morrowind-rebirth/downloads/release-morrowind-rebirth-47	Morrowind Rebirth	Mod DB
Morrowind Rebirth - Game Settings [Addon].ESP	Morrowind_Rebirth_v_4.8.10.rar	https://www.moddb.com/mods/morrowind-rebirth/downloads/release-morrowind-rebirth-48	Morrowind Rebirth	Mod DB
Morrowind Rebirth - Game Settings [Addon].ESP	Morrowind_Rebirth_v_4.9.rar	https://www.moddb.com/mods/morrowind-rebirth/downloads/release-morrowind-rebirth-49	Morrowind Rebirth	Mod DB
Morrowind Rebirth - Game Settings [Addon].ESP	Morrowind_Rebirth_v_5.0_Part_2.rar	https://www.moddb.com/mods/morrowind-rebirth/downloads/morrowind-rebirth-v-5-0-part-2	Morrowind Rebirth	Mod DB
Morrowind Rebirth - Mercenaries [Addon].ESP	Morrowind_Rebirth(1).rar	https://www.moddb.com/mods/morrowind-rebirth/downloads/release-morrowind-rebirth-56	Morrowind Rebirth	Mod DB
Morrowind Rebirth - Mercenaries [Addon].ESP	Morrowind_Rebirth(2).rar	https://www.moddb.com/mods/morrowind-rebirth/downloads/morrowind-rebirth	Morrowind Rebirth	Mod DB
Morrowind Rebirth - Mercenaries [Addon].ESP	Morrowind_Rebirth(3).rar	https://www.moddb.com/mods/morrowind-rebirth/downloads/relese-morrowind-rebirth-58	Morrowind Rebirth	Mod DB
Morrowind Rebirth - Mercenaries [Addon].ESP	Morrowind_Rebirth(4).rar	https://www.moddb.com/mods/morrowind-rebirth/downloads/release-morrowind-rebirth-63	Morrowind Rebirth	Mod DB
Morrowind Rebirth - Mercenaries [Addon].ESP	Morrowind_Rebirth(5).rar	https://www.moddb.com/mods/morrowind-rebirth/downloads/release-morrowind-rebirth-65	Morrowind Rebirth	Mod DB
Morrowind Rebirth - Mercenaries [Addon].ESP	Morrowind_Rebirth(6).rar	https://www.moddb.com/mods/morrowind-rebirth/downloads/release-morrowind-rebirth-67	Morrowind Rebirth	Mod DB
Morrowind Rebirth - Mercenaries [Addon].ESP	Morrowind_Rebirth.1(1).rar	https://www.moddb.com/mods/morrowind-rebirth/downloads/release-morrowind-rebith-55	Morrowind Rebirth	Mod DB
Morrowind Rebirth - Mercenaries [Addon].ESP	Morrowind_Rebirth.1(2).rar	https://www.moddb.com/mods/morrowind-rebirth/downloads/release-morrowind-rebirth-59	Morrowind Rebirth	Mod DB
Morrowind Rebirth - Mercenaries [Addon].ESP	Morrowind_Rebirth.1(3).rar	https://www.moddb.com/mods/morrowind-rebirth/downloads/release-morrowind-rebirth-60	Morrowind Rebirth	Mod DB
Morrowind Rebirth - Mercenaries [Addon].ESP	Morrowind_Rebirth.1(4).rar	https://www.moddb.com/mods/morrowind-rebirth/downloads/release-morrowind-rebirth-61	Morrowind Rebirth	Mod DB
Morrowind Rebirth - Mercenaries [Addon].ESP	Morrowind_Rebirth.1(5).rar	https://www.moddb.com/mods/morrowind-rebirth/downloads/release-morrowind-rebirth-62	Morrowind Rebirth	Mod DB
Morrowind Rebirth - Mercenaries [Addon].ESP	Morrowind_Rebirth.1(6).rar	https://www.moddb.com/mods/morrowind-rebirth/downloads/release-morrowind-rebirth-64	Morrowind Rebirth	Mod DB
Morrowind Rebirth - Mercenaries [Addon].ESP	Morrowind_Rebirth.1(7).rar	https://www.moddb.com/mods/morrowind-rebirth/downloads/release-morrowind-rebirth-66	Morrowind Rebirth	Mod DB
Morrowind Rebirth - Mercenaries [Addon].ESP	Morrowind_Rebirth.1(8).rar	https://www.moddb.com/mods/morrowind-rebirth/downloads/release-morrowind-rebirth-68	Morrowind Rebirth	Mod DB
Morrowind Rebirth - Mercenaries [Addon].ESP	Morrowind_Rebirth.1.rar	https://www.moddb.com/mods/morrowind-rebirth/downloads/release-morrowind-rebirth-52	Morrowind Rebirth	Mod DB
Morrowind Rebirth - Mercenaries [Addon].ESP	Morrowind_Rebirth.2.rar	https://www.moddb.com/mods/morrowind-rebirth/downloads/release-morrowind-rebirth-54	Morrowind Rebirth	Mod DB
Morrowind Rebirth - Mercenaries [Addon].ESP	Morrowind_Rebirth.3(1).rar	https://www.moddb.com/mods/morrowind-rebirth/downloads/release-morrowind-rebirth-69	Morrowind Rebirth	Mod DB
Morrowind Rebirth - Mercenaries [Addon].ESP	Morrowind_Rebirth.3.rar	https://www.moddb.com/mods/morrowind-rebirth/downloads/release-morrowind-rebirth-70	Morrowind Rebirth	Mod DB
Morrowind Rebirth - Mercenaries [Addon].ESP	Morrowind_Rebirth.rar	https://www.moddb.com/mods/morrowind-rebirth/downloads/release-morrowind-rebirth-53	Morrowind Rebirth	Mod DB
Morrowind Rebirth - Mercenaries [Addon].ESP	Morrowind_Rebirth_5.1.1.rar	https://www.moddb.com/mods/morrowind-rebirth/downloads/release-morrowind-rebirth-51	Morrowind Rebirth	Mod DB
Morrowind Rebirth - Mercenaries [Addon].ESP	Morrowind_Rebirth_v_4.5.rar	https://www.moddb.com/mods/morrowind-rebirth/downloads/release-morrowind-rebirth-45	Morrowind Rebirth	Mod DB
Morrowind Rebirth - Mercenaries [Addon].ESP	Morrowind_Rebirth_v_4.6.rar	https://www.moddb.com/mods/morrowind-rebirth/downloads/release-morrowind-rebirth-46	Morrowind Rebirth	Mod DB
Morrowind Rebirth - Mercenaries [Addon].ESP	Morrowind_Rebirth_v_4.71.rar	https://www.moddb.com/mods/morrowind-rebirth/downloads/release-morrowind-rebirth-47	Morrowind Rebirth	Mod DB
Morrowind Rebirth - Mercenaries [Addon].ESP	Morrowind_Rebirth_v_4.8.10.rar	https://www.moddb.com/mods/morrowind-rebirth/downloads/release-morrowind-rebirth-48	Morrowind Rebirth	Mod DB
Morrowind Rebirth - Mercenaries [Addon].ESP	Morrowind_Rebirth_v_4.9.rar	https://www.moddb.com/mods/morrowind-rebirth/downloads/release-morrowind-rebirth-49	Morrowind Rebirth	Mod DB
Morrowind Rebirth - Mercenaries [Addon].ESP	Morrowind_Rebirth_v_5.0_Part_2.rar	https://www.moddb.com/mods/morrowind-rebirth/downloads/morrowind-rebirth-v-5-0-part-2	Morrowind Rebirth	Mod DB
Morrowind Rebirth - Races [Addon].esm	Morrowind_Rebirth_v_4.5.rar	https://www.moddb.com/mods/morrowind-rebirth/downloads/release-morrowind-rebirth-45	Morrowind Rebirth	Mod DB
Morrowind Rebirth - Races [Addon].esm	Morrowind_Rebirth_v_4.6.rar	https://www.moddb.com/mods/morrowind-rebirth/downloads/release-morrowind-rebirth-46	Morrowind Rebirth	Mod DB
Morrowind Rebirth - Races [Addon].esm	Morrowind_Rebirth_v_4.71.rar	https://www.moddb.com/mods/morrowind-rebirth/downloads/release-morrowind-rebirth-47	Morrowind Rebirth	Mod DB
Morrowind Rebirth - Races [Addon].esm	Morrowind_Rebirth_v_4.8.10.rar	https://www.moddb.com/mods/morrowind-rebirth/downloads/release-morrowind-rebirth-48	Morrowind Rebirth	Mod DB
Morrowind Rebirth - Races [Addon].esm	Morrowind_Rebirth_v_4.9.rar	https://www.moddb.com/mods/morrowind-rebirth/downloads/release-morrowind-rebirth-49	Morrowind Rebirth	Mod DB
Morrowind Rebirth - Races [Addon].esp	Morrowind_Rebirth(1).rar	https://www.moddb.com/mods/morrowind-rebirth/downloads/release-morrowind-rebirth-56	Morrowind Rebirth	Mod DB
Morrowind Rebirth - Races [Addon].esp	Morrowind_Rebirth(2).rar	https://www.moddb.com/mods/morrowind-rebirth/downloads/morrowind-rebirth	Morrowind Rebirth	Mod DB
Morrowind Rebirth - Races [Addon].esp	Morrowind_Rebirth(3).rar	https://www.moddb.com/mods/morrowind-rebirth/downloads/relese-morrowind-rebirth-58	Morrowind Rebirth	Mod DB
Morrowind Rebirth - Races [Addon].esp	Morrowind_Rebirth(4).rar	https://www.moddb.com/mods/morrowind-rebirth/downloads/release-morrowind-rebirth-63	Morrowind Rebirth	Mod DB
Morrowind Rebirth - Races [Addon].esp	Morrowind_Rebirth(5).rar	https://www.moddb.com/mods/morrowind-rebirth/downloads/release-morrowind-rebirth-65	Morrowind Rebirth	Mod DB
Morrowind Rebirth - Races [Addon].esp	Morrowind_Rebirth(6).rar	https://www.moddb.com/mods/morrowind-rebirth/downloads/release-morrowind-rebirth-67	Morrowind Rebirth	Mod DB
Morrowind Rebirth - Races [Addon].esp	Morrowind_Rebirth.1(1).rar	https://www.moddb.com/mods/morrowind-rebirth/downloads/release-morrowind-rebith-55	Morrowind Rebirth	Mod DB
Morrowind Rebirth - Races [Addon].esp	Morrowind_Rebirth.1(2).rar	https://www.moddb.com/mods/morrowind-rebirth/downloads/release-morrowind-rebirth-59	Morrowind Rebirth	Mod DB
Morrowind Rebirth - Races [Addon].esp	Morrowind_Rebirth.1(3).rar	https://www.moddb.com/mods/morrowind-rebirth/downloads/release-morrowind-rebirth-60	Morrowind Rebirth	Mod DB
Morrowind Rebirth - Races [Addon].esp	Morrowind_Rebirth.1(4).rar	https://www.moddb.com/mods/morrowind-rebirth/downloads/release-morrowind-rebirth-61	Morrowind Rebirth	Mod DB
Morrowind Rebirth - Races [Addon].esp	Morrowind_Rebirth.1(5).rar	https://www.moddb.com/mods/morrowind-rebirth/downloads/release-morrowind-rebirth-62	Morrowind Rebirth	Mod DB
Morrowind Rebirth - Races [Addon].esp	Morrowind_Rebirth.1(6).rar	https://www.moddb.com/mods/morrowind-rebirth/downloads/release-morrowind-rebirth-64	Morrowind Rebirth	Mod DB
Morrowind Rebirth - Races [Addon].esp	Morrowind_Rebirth.1(7).rar	https://www.moddb.com/mods/morrowind-rebirth/downloads/release-morrowind-rebirth-66	Morrowind Rebirth	Mod DB
Morrowind Rebirth - Races [Addon].esp	Morrowind_Rebirth.1(8).rar	https://www.moddb.com/mods/morrowind-rebirth/downloads/release-morrowind-rebirth-68	Morrowind Rebirth	Mod DB
Morrowind Rebirth - Races [Addon].esp	Morrowind_Rebirth.1.rar	https://www.moddb.com/mods/morrowind-rebirth/downloads/release-morrowind-rebirth-52	Morrowind Rebirth	Mod DB
Morrowind Rebirth - Races [Addon].esp	Morrowind_Rebirth.2.rar	https://www.moddb.com/mods/morrowind-rebirth/downloads/release-morrowind-rebirth-54	Morrowind Rebirth	Mod DB
Morrowind Rebirth - Races [Addon].esp	Morrowind_Rebirth.3(1).rar	https://www.moddb.com/mods/morrowind-rebirth/downloads/release-morrowind-rebirth-69	Morrowind Rebirth	Mod DB
Morrowind Rebirth - Races [Addon].esp	Morrowind_Rebirth.3.rar	https://www.moddb.com/mods/morrowind-rebirth/downloads/release-morrowind-rebirth-70	Morrowind Rebirth	Mod DB
Morrowind Rebirth - Races [Addon].esp	Morrowind_Rebirth.rar	https://www.moddb.com/mods/morrowind-rebirth/downloads/release-morrowind-rebirth-53	Morrowind Rebirth	Mod DB
Morrowind Rebirth - Races [Addon].esp	Morrowind_Rebirth_5.1.1.rar	https://www.moddb.com/mods/morrowind-rebirth/downloads/release-morrowind-rebirth-51	Morrowind Rebirth	Mod DB
Morrowind Rebirth - Races [Addon].esp	Morrowind_Rebirth_v_5.0_Part_2.rar	https://www.moddb.com/mods/morrowind-rebirth/downloads/morrowind-rebirth-v-5-0-part-2	Morrowind Rebirth	Mod DB
Morrowind Rebirth - Skills [Addon].ESP	Morrowind_Rebirth(1).rar	https://www.moddb.com/mods/morrowind-rebirth/downloads/release-morrowind-rebirth-56	Morrowind Rebirth	Mod DB
Morrowind Rebirth - Skills [Addon].ESP	Morrowind_Rebirth(2).rar	https://www.moddb.com/mods/morrowind-rebirth/downloads/morrowind-rebirth	Morrowind Rebirth	Mod DB
Morrowind Rebirth - Skills [Addon].ESP	Morrowind_Rebirth(3).rar	https://www.moddb.com/mods/morrowind-rebirth/downloads/relese-morrowind-rebirth-58	Morrowind Rebirth	Mod DB
Morrowind Rebirth - Skills [Addon].ESP	Morrowind_Rebirth(4).rar	https://www.moddb.com/mods/morrowind-rebirth/downloads/release-morrowind-rebirth-63	Morrowind Rebirth	Mod DB
Morrowind Rebirth - Skills [Addon].ESP	Morrowind_Rebirth(5).rar	https://www.moddb.com/mods/morrowind-rebirth/downloads/release-morrowind-rebirth-65	Morrowind Rebirth	Mod DB
Morrowind Rebirth - Skills [Addon].ESP	Morrowind_Rebirth(6).rar	https://www.moddb.com/mods/morrowind-rebirth/downloads/release-morrowind-rebirth-67	Morrowind Rebirth	Mod DB
Morrowind Rebirth - Skills [Addon].ESP	Morrowind_Rebirth.1(1).rar	https://www.moddb.com/mods/morrowind-rebirth/downloads/release-morrowind-rebith-55	Morrowind Rebirth	Mod DB
Morrowind Rebirth - Skills [Addon].ESP	Morrowind_Rebirth.1(2).rar	https://www.moddb.com/mods/morrowind-rebirth/downloads/release-morrowind-rebirth-59	Morrowind Rebirth	Mod DB
Morrowind Rebirth - Skills [Addon].ESP	Morrowind_Rebirth.1(3).rar	https://www.moddb.com/mods/morrowind-rebirth/downloads/release-morrowind-rebirth-60	Morrowind Rebirth	Mod DB
Morrowind Rebirth - Skills [Addon].ESP	Morrowind_Rebirth.1(4).rar	https://www.moddb.com/mods/morrowind-rebirth/downloads/release-morrowind-rebirth-61	Morrowind Rebirth	Mod DB
Morrowind Rebirth - Skills [Addon].ESP	Morrowind_Rebirth.1(5).rar	https://www.moddb.com/mods/morrowind-rebirth/downloads/release-morrowind-rebirth-62	Morrowind Rebirth	Mod DB
Morrowind Rebirth - Skills [Addon].ESP	Morrowind_Rebirth.1(6).rar	https://www.moddb.com/mods/morrowind-rebirth/downloads/release-morrowind-rebirth-64	Morrowind Rebirth	Mod DB
Morrowind Rebirth - Skills [Addon].ESP	Morrowind_Rebirth.1(7).rar	https://www.moddb.com/mods/morrowind-rebirth/downloads/release-morrowind-rebirth-66	Morrowind Rebirth	Mod DB
Morrowind Rebirth - Skills [Addon].ESP	Morrowind_Rebirth.1(8).rar	https://www.moddb.com/mods/morrowind-rebirth/downloads/release-morrowind-rebirth-68	Morrowind Rebirth	Mod DB
Morrowind Rebirth - Skills [Addon].ESP	Morrowind_Rebirth.1.rar	https://www.moddb.com/mods/morrowind-rebirth/downloads/release-morrowind-rebirth-52	Morrowind Rebirth	Mod DB
Morrowind Rebirth - Skills [Addon].ESP	Morrowind_Rebirth.2.rar	https://www.moddb.com/mods/morrowind-rebirth/downloads/release-morrowind-rebirth-54	Morrowind Rebirth	Mod DB
Morrowind Rebirth - Skills [Addon].ESP	Morrowind_Rebirth.3(1).rar	https://www.moddb.com/mods/morrowind-rebirth/downloads/release-morrowind-rebirth-69	Morrowind Rebirth	Mod DB
Morrowind Rebirth - Skills [Addon].ESP	Morrowind_Rebirth.3.rar	https://www.moddb.com/mods/morrowind-rebirth/downloads/release-morrowind-rebirth-70	Morrowind Rebirth	Mod DB
Morrowind Rebirth - Skills [Addon].ESP	Morrowind_Rebirth.rar	https://www.moddb.com/mods/morrowind-rebirth/downloads/release-morrowind-rebirth-53	Morrowind Rebirth	Mod DB
Morrowind Rebirth - Skills [Addon].ESP	Morrowind_Rebirth_5.1.1.rar	https://www.moddb.com/mods/morrowind-rebirth/downloads/release-morrowind-rebirth-51	Morrowind Rebirth	Mod DB
Morrowind Rebirth - Skills [Addon].ESP	Morrowind_Rebirth_v_4.8.10.rar	https://www.moddb.com/mods/morrowind-rebirth/downloads/release-morrowind-rebirth-48	Morrowind Rebirth	Mod DB
Morrowind Rebirth - Skills [Addon].ESP	Morrowind_Rebirth_v_4.9.rar	https://www.moddb.com/mods/morrowind-rebirth/downloads/release-morrowind-rebirth-49	Morrowind Rebirth	Mod DB
Morrowind Rebirth - Skills [Addon].ESP	Morrowind_Rebirth_v_5.0_Part_2.rar	https://www.moddb.com/mods/morrowind-rebirth/downloads/morrowind-rebirth-v-5-0-part-2	Morrowind Rebirth	Mod DB
Morrowind Rebirth - Tools [Addon].ESP	Morrowind_Rebirth(1).rar	https://www.moddb.com/mods/morrowind-rebirth/downloads/release-morrowind-rebirth-56	Morrowind Rebirth	Mod DB
Morrowind Rebirth - Tools [Addon].ESP	Morrowind_Rebirth(2).rar	https://www.moddb.com/mods/morrowind-rebirth/downloads/morrowind-rebirth	Morrowind Rebirth	Mod DB
Morrowind Rebirth - Tools [Addon].ESP	Morrowind_Rebirth(3).rar	https://www.moddb.com/mods/morrowind-rebirth/downloads/relese-morrowind-rebirth-58	Morrowind Rebirth	Mod DB
Morrowind Rebirth - Tools [Addon].ESP	Morrowind_Rebirth(4).rar	https://www.moddb.com/mods/morrowind-rebirth/downloads/release-morrowind-rebirth-63	Morrowind Rebirth	Mod DB
Morrowind Rebirth - Tools [Addon].ESP	Morrowind_Rebirth(5).rar	https://www.moddb.com/mods/morrowind-rebirth/downloads/release-morrowind-rebirth-65	Morrowind Rebirth	Mod DB
Morrowind Rebirth - Tools [Addon].ESP	Morrowind_Rebirth(6).rar	https://www.moddb.com/mods/morrowind-rebirth/downloads/release-morrowind-rebirth-67	Morrowind Rebirth	Mod DB
Morrowind Rebirth - Tools [Addon].ESP	Morrowind_Rebirth.1(1).rar	https://www.moddb.com/mods/morrowind-rebirth/downloads/release-morrowind-rebith-55	Morrowind Rebirth	Mod DB
Morrowind Rebirth - Tools [Addon].ESP	Morrowind_Rebirth.1(2).rar	https://www.moddb.com/mods/morrowind-rebirth/downloads/release-morrowind-rebirth-59	Morrowind Rebirth	Mod DB
Morrowind Rebirth - Tools [Addon].ESP	Morrowind_Rebirth.1(3).rar	https://www.moddb.com/mods/morrowind-rebirth/downloads/release-morrowind-rebirth-60	Morrowind Rebirth	Mod DB
Morrowind Rebirth - Tools [Addon].ESP	Morrowind_Rebirth.1(4).rar	https://www.moddb.com/mods/morrowind-rebirth/downloads/release-morrowind-rebirth-61	Morrowind Rebirth	Mod DB
Morrowind Rebirth - Tools [Addon].ESP	Morrowind_Rebirth.1(5).rar	https://www.moddb.com/mods/morrowind-rebirth/downloads/release-morrowind-rebirth-62	Morrowind Rebirth	Mod DB
Morrowind Rebirth - Tools [Addon].ESP	Morrowind_Rebirth.1(6).rar	https://www.moddb.com/mods/morrowind-rebirth/downloads/release-morrowind-rebirth-64	Morrowind Rebirth	Mod DB
Morrowind Rebirth - Tools [Addon].ESP	Morrowind_Rebirth.1(7).rar	https://www.moddb.com/mods/morrowind-rebirth/downloads/release-morrowind-rebirth-66	Morrowind Rebirth	Mod DB
Morrowind Rebirth - Tools [Addon].ESP	Morrowind_Rebirth.1(8).rar	https://www.moddb.com/mods/morrowind-rebirth/downloads/release-morrowind-rebirth-68	Morrowind Rebirth	Mod DB
Morrowind Rebirth - Tools [Addon].ESP	Morrowind_Rebirth.1.rar	https://www.moddb.com/mods/morrowind-rebirth/downloads/release-morrowind-rebirth-52	Morrowind Rebirth	Mod DB
Morrowind Rebirth - Tools [Addon].ESP	Morrowind_Rebirth.2.rar	https://www.moddb.com/mods/morrowind-rebirth/downloads/release-morrowind-rebirth-54	Morrowind Rebirth	Mod DB
Morrowind Rebirth - Tools [Addon].ESP	Morrowind_Rebirth.3(1).rar	https://www.moddb.com/mods/morrowind-rebirth/downloads/release-morrowind-rebirth-69	Morrowind Rebirth	Mod DB
Morrowind Rebirth - Tools [Addon].ESP	Morrowind_Rebirth.3.rar	https://www.moddb.com/mods/morrowind-rebirth/downloads/release-morrowind-rebirth-70	Morrowind Rebirth	Mod DB
Morrowind Rebirth - Tools [Addon].ESP	Morrowind_Rebirth.rar	https://www.moddb.com/mods/morrowind-rebirth/downloads/release-morrowind-rebirth-53	Morrowind Rebirth	Mod DB
Morrowind Rebirth - Tools [Addon].ESP	Morrowind_Rebirth_5.1.1.rar	https://www.moddb.com/mods/morrowind-rebirth/downloads/release-morrowind-rebirth-51	Morrowind Rebirth	Mod DB
Morrowind Rebirth - Tools [Addon].ESP	Morrowind_Rebirth_v_5.0_Part_2.rar	https://www.moddb.com/mods/morrowind-rebirth/downloads/morrowind-rebirth-v-5-0-part-2	Morrowind Rebirth	Mod DB
Morrowind Rebirth 1.6.ESP	Morrowind_Rebirth_v_1.6.rar	https://www.moddb.com/mods/morrowind-rebirth/downloads/morrowind-rebirth-1-6	Morrowind Rebirth	Mod DB
Morrowind Rebirth 4.1 - Balmoras Underworld 1.0 [Addon].ESP	Morrowind_Rebirth_v_4.1.rar	https://www.moddb.com/mods/morrowind-rebirth/downloads/release-morrowind-rebirth-v-41	Morrowind Rebirth	Mod DB
Morrowind Rebirth 4.1 - Morrowind Patch 1.6.5 [Rebirth].esm	Morrowind_Rebirth_v_4.1.rar	https://www.moddb.com/mods/morrowind-rebirth/downloads/release-morrowind-rebirth-v-41	Morrowind Rebirth	Mod DB
Morrowind Rebirth 4.1 - Racial Diversity 1.6 [Addon].esm	Morrowind_Rebirth_v_4.1.rar	https://www.moddb.com/mods/morrowind-rebirth/downloads/release-morrowind-rebirth-v-41	Morrowind Rebirth	Mod DB
Morrowind Rebirth 4.1.ESP	Morrowind_Rebirth_v_4.1.rar	https://www.moddb.com/mods/morrowind-rebirth/downloads/release-morrowind-rebirth-v-41	Morrowind Rebirth	Mod DB
Morrowind Rebirth 4.11 - Balmoras Underworld 1.0 [Addon].ESP	Morrowind_Rebirth_v_4.11.rar	https://www.moddb.com/mods/morrowind-rebirth/downloads/release-morrowind-rebirth-411	Morrowind Rebirth	Mod DB
Morrowind Rebirth 4.11 - Morrowind Patch 1.6.5 [Rebirth].esm	Morrowind_Rebirth_v_4.11.rar	https://www.moddb.com/mods/morrowind-rebirth/downloads/release-morrowind-rebirth-411	Morrowind Rebirth	Mod DB
Morrowind Rebirth 4.11 - Racial Diversity 1.6 [Addon].esm	Morrowind_Rebirth_v_4.11.rar	https://www.moddb.com/mods/morrowind-rebirth/downloads/release-morrowind-rebirth-411	Morrowind Rebirth	Mod DB
Morrowind Rebirth 4.11.ESP	Morrowind_Rebirth_v_4.11.rar	https://www.moddb.com/mods/morrowind-rebirth/downloads/release-morrowind-rebirth-411	Morrowind Rebirth	Mod DB
Morrowind Rebirth 4.12 - Balmoras Underworld 1.0 [Addon].ESP	Morrowind_Rebirth_v_4.12.rar	https://www.moddb.com/mods/morrowind-rebirth/downloads/release-morrowind-rebirth-412	Morrowind Rebirth	Mod DB
Morrowind Rebirth 4.12 - Morrowind Patch 1.6.5 [Rebirth].esm	Morrowind_Rebirth_v_4.12.rar	https://www.moddb.com/mods/morrowind-rebirth/downloads/release-morrowind-rebirth-412	Morrowind Rebirth	Mod DB
Morrowind Rebirth 4.12 - Racial Diversity 1.6 [Addon].esm	Morrowind_Rebirth_v_4.12.rar	https://www.moddb.com/mods/morrowind-rebirth/downloads/release-morrowind-rebirth-412	Morrowind Rebirth	Mod DB
Morrowind Rebirth 4.12.ESP	Morrowind_Rebirth_v_4.12.rar	https://www.moddb.com/mods/morrowind-rebirth/downloads/release-morrowind-rebirth-412	Morrowind Rebirth	Mod DB
Morrowind Rebirth 4.13 - Balmoras Underworld 1.0 [Addon].ESP	Morrowind_Rebirth_v_4.13.rar	https://www.moddb.com/mods/morrowind-rebirth/downloads/release-morrowind-rebirth-413	Morrowind Rebirth	Mod DB
Morrowind Rebirth 4.13 - Morrowind Patch 1.6.5 [Rebirth].esm	Morrowind_Rebirth_v_4.13.rar	https://www.moddb.com/mods/morrowind-rebirth/downloads/release-morrowind-rebirth-413	Morrowind Rebirth	Mod DB
Morrowind Rebirth 4.13 - Racial Diversity 1.6 [Addon].esm	Morrowind_Rebirth_v_4.13.rar	https://www.moddb.com/mods/morrowind-rebirth/downloads/release-morrowind-rebirth-413	Morrowind Rebirth	Mod DB
Morrowind Rebirth 4.13 [DN-GDR integrated].esp	Morrowind_Rebirth_v_4.2.rar	https://www.moddb.com/mods/morrowind-rebirth/downloads/release-morrowind-rebirth-42	Morrowind Rebirth	Mod DB
Morrowind Rebirth 4.13 [DN-GDR integrated].esp	Morrowind_Rebirth_v_4.3.rar	https://www.moddb.com/mods/morrowind-rebirth/downloads/release-morrowind-rebirth-43	Morrowind Rebirth	Mod DB
Morrowind Rebirth 4.13 [DN-GDR integrated].esp	Morrowind_Rebirth_v_4.31.rar	https://www.moddb.com/mods/morrowind-rebirth/downloads/release-morrowind-rebirth-431	Morrowind Rebirth	Mod DB
Morrowind Rebirth 4.13 [DN-GDR integrated].esp	Morrowind_Rebirth_v_4.4.5.rar	https://www.moddb.com/mods/morrowind-rebirth/downloads/release-morrowind-rebirth-44	Morrowind Rebirth	Mod DB
Morrowind Rebirth 4.13 [DN-GDR integrated].esp	Morrowind_Rebirth_v_4.42.rar	https://www.moddb.com/mods/morrowind-rebirth/downloads/release-morrowind-rebirth-442	Morrowind Rebirth	Mod DB
Morrowind Rebirth 4.13 [DN-GDR integrated].esp	Morrowind_Rebirth_v_4.5.rar	https://www.moddb.com/mods/morrowind-rebirth/downloads/release-morrowind-rebirth-45	Morrowind Rebirth	Mod DB
Morrowind Rebirth 4.13.ESP	Morrowind_Rebirth_v_4.13.rar	https://www.moddb.com/mods/morrowind-rebirth/downloads/release-morrowind-rebirth-413	Morrowind Rebirth	Mod DB
Morrowind Rebirth 4.2 - Balmoras Underworld 1.0 [Addon].ESP	Morrowind_Rebirth_v_4.2.rar	https://www.moddb.com/mods/morrowind-rebirth/downloads/release-morrowind-rebirth-42	Morrowind Rebirth	Mod DB
Morrowind Rebirth 4.2 - Morrowind Patch 1.6.5 [Rebirth].esm	Morrowind_Rebirth_v_4.2.rar	https://www.moddb.com/mods/morrowind-rebirth/downloads/release-morrowind-rebirth-42	Morrowind Rebirth	Mod DB
Morrowind Rebirth 4.2 - Racial Diversity 1.6 [Addon].esm	Morrowind_Rebirth_v_4.2.rar	https://www.moddb.com/mods/morrowind-rebirth/downloads/release-morrowind-rebirth-42	Morrowind Rebirth	Mod DB
Morrowind Rebirth 4.2.ESP	Morrowind_Rebirth_v_4.2.rar	https://www.moddb.com/mods/morrowind-rebirth/downloads/release-morrowind-rebirth-42	Morrowind Rebirth	Mod DB
Morrowind Rebirth 4.3 - Balmoras Underworld 1.0 [Addon].ESP	Morrowind_Rebirth_v_4.3.rar	https://www.moddb.com/mods/morrowind-rebirth/downloads/release-morrowind-rebirth-43	Morrowind Rebirth	Mod DB
Morrowind Rebirth 4.3 - Mercenaries BETA [Addon].ESP	Morrowind_Rebirth_v_4.3.rar	https://www.moddb.com/mods/morrowind-rebirth/downloads/release-morrowind-rebirth-43	Morrowind Rebirth	Mod DB
Morrowind Rebirth 4.3 - Morrowind Patch 1.6.5 [Rebirth].esm	Morrowind_Rebirth_v_4.3.rar	https://www.moddb.com/mods/morrowind-rebirth/downloads/release-morrowind-rebirth-43	Morrowind Rebirth	Mod DB
Morrowind Rebirth 4.3 - Racial Diversity 1.7 [Addon].esm	Morrowind_Rebirth_v_4.3.rar	https://www.moddb.com/mods/morrowind-rebirth/downloads/release-morrowind-rebirth-43	Morrowind Rebirth	Mod DB
Morrowind Rebirth 4.3.ESP	Morrowind_Rebirth_v_4.3.rar	https://www.moddb.com/mods/morrowind-rebirth/downloads/release-morrowind-rebirth-43	Morrowind Rebirth	Mod DB
Morrowind Rebirth 4.31 - Balmoras Underworld 1.0 [Addon].ESP	Morrowind_Rebirth_v_4.31.rar	https://www.moddb.com/mods/morrowind-rebirth/downloads/release-morrowind-rebirth-431	Morrowind Rebirth	Mod DB
Morrowind Rebirth 4.31 - Mercenaries BETA [Addon].ESP	Morrowind_Rebirth_v_4.31.rar	https://www.moddb.com/mods/morrowind-rebirth/downloads/release-morrowind-rebirth-431	Morrowind Rebirth	Mod DB
Morrowind Rebirth 4.31 - Morrowind Patch 1.6.5 [Rebirth].esm	Morrowind_Rebirth_v_4.31.rar	https://www.moddb.com/mods/morrowind-rebirth/downloads/release-morrowind-rebirth-431	Morrowind Rebirth	Mod DB
Morrowind Rebirth 4.31 - Racial Diversity 1.7 [Addon].esm	Morrowind_Rebirth_v_4.31.rar	https://www.moddb.com/mods/morrowind-rebirth/downloads/release-morrowind-rebirth-431	Morrowind Rebirth	Mod DB
Morrowind Rebirth 4.31.ESP	Morrowind_Rebirth_v_4.31.rar	https://www.moddb.com/mods/morrowind-rebirth/downloads/release-morrowind-rebirth-431	Morrowind Rebirth	Mod DB
Morrowind Rebirth 4.4 - Balmoras Underworld 1.0 [Addon].ESP	Morrowind_Rebirth_v_4.4.5.rar	https://www.moddb.com/mods/morrowind-rebirth/downloads/release-morrowind-rebirth-44	Morrowind Rebirth	Mod DB
Morrowind Rebirth 4.4 - Mercenaries BETA [Addon].ESP	Morrowind_Rebirth_v_4.4.5.rar	https://www.moddb.com/mods/morrowind-rebirth/downloads/release-morrowind-rebirth-44	Morrowind Rebirth	Mod DB
Morrowind Rebirth 4.4 - Morrowind Patch 1.6.5 [Rebirth].esm	Morrowind_Rebirth_v_4.4.5.rar	https://www.moddb.com/mods/morrowind-rebirth/downloads/release-morrowind-rebirth-44	Morrowind Rebirth	Mod DB
Morrowind Rebirth 4.4 - Racial Diversity 1.7 [Addon].esm	Morrowind_Rebirth_v_4.4.5.rar	https://www.moddb.com/mods/morrowind-rebirth/downloads/release-morrowind-rebirth-44	Morrowind Rebirth	Mod DB
Morrowind Rebirth 4.4.ESP	Morrowind_Rebirth_v_4.4.5.rar	https://www.moddb.com/mods/morrowind-rebirth/downloads/release-morrowind-rebirth-44	Morrowind Rebirth	Mod DB
Morrowind Rebirth 4.42 - Balmoras Underworld 1.0 [Addon].ESP	Morrowind_Rebirth_v_4.42.rar	https://www.moddb.com/mods/morrowind-rebirth/downloads/release-morrowind-rebirth-442	Morrowind Rebirth	Mod DB
Morrowind Rebirth 4.42 - Mercenaries BETA [Addon].ESP	Morrowind_Rebirth_v_4.42.rar	https://www.moddb.com/mods/morrowind-rebirth/downloads/release-morrowind-rebirth-442	Morrowind Rebirth	Mod DB
Morrowind Rebirth 4.42 - Morrowind Patch 1.6.5 [Rebirth].esm	Morrowind_Rebirth_v_4.42.rar	https://www.moddb.com/mods/morrowind-rebirth/downloads/release-morrowind-rebirth-442	Morrowind Rebirth	Mod DB
Morrowind Rebirth 4.42 - Racial Diversity 1.7 [Addon].esm	Morrowind_Rebirth_v_4.42.rar	https://www.moddb.com/mods/morrowind-rebirth/downloads/release-morrowind-rebirth-442	Morrowind Rebirth	Mod DB
Morrowind Rebirth 4.42.ESP	Morrowind_Rebirth_v_4.42.rar	https://www.moddb.com/mods/morrowind-rebirth/downloads/release-morrowind-rebirth-442	Morrowind Rebirth	Mod DB
Morrowind Rebirth 4.43.ESP	Morrowind_Rebirth_4.43.rar	https://www.moddb.com/mods/morrowind-rebirth/downloads/release-morrowind-rebirth-443	Morrowind Rebirth	Mod DB
Morrowind Rebirth LITE [Main].ESP	Morrowind_Rebirth_LITE.rar	https://www.moddb.com/mods/morrowind-rebirth/downloads/release-morrowind-rebirth-v-50-lite	Morrowind Rebirth	Mod DB
Morrowind Rebirth [Main].ESP	Morrowind_Rebirth(1).rar	https://www.moddb.com/mods/morrowind-rebirth/downloads/release-morrowind-rebirth-56	Morrowind Rebirth	Mod DB
Morrowind Rebirth [Main].ESP	Morrowind_Rebirth(1).rar	https://www.moddb.com/mods/morrowind-rebirth/downloads/release-morrowind-rebirth-56	Morrowind Rebirth	Mod DB
Morrowind Rebirth [Main].ESP	Morrowind_Rebirth(2).rar	https://www.moddb.com/mods/morrowind-rebirth/downloads/morrowind-rebirth	Morrowind Rebirth	Mod DB
Morrowind Rebirth [Main].ESP	Morrowind_Rebirth(2).rar	https://www.moddb.com/mods/morrowind-rebirth/downloads/morrowind-rebirth	Morrowind Rebirth	Mod DB
Morrowind Rebirth [Main].ESP	Morrowind_Rebirth(3).rar	https://www.moddb.com/mods/morrowind-rebirth/downloads/relese-morrowind-rebirth-58	Morrowind Rebirth	Mod DB
Morrowind Rebirth [Main].ESP	Morrowind_Rebirth(3).rar	https://www.moddb.com/mods/morrowind-rebirth/downloads/relese-morrowind-rebirth-58	Morrowind Rebirth	Mod DB
Morrowind Rebirth [Main].ESP	Morrowind_Rebirth(4).rar	https://www.moddb.com/mods/morrowind-rebirth/downloads/release-morrowind-rebirth-63	Morrowind Rebirth	Mod DB
Morrowind Rebirth [Main].ESP	Morrowind_Rebirth(4).rar	https://www.moddb.com/mods/morrowind-rebirth/downloads/release-morrowind-rebirth-63	Morrowind Rebirth	Mod DB
Morrowind Rebirth [Main].ESP	Morrowind_Rebirth(5).rar	https://www.moddb.com/mods/morrowind-rebirth/downloads/release-morrowind-rebirth-65	Morrowind Rebirth	Mod DB
Morrowind Rebirth [Main].ESP	Morrowind_Rebirth(5).rar	https://www.moddb.com/mods/morrowind-rebirth/downloads/release-morrowind-rebirth-65	Morrowind Rebirth	Mod DB
Morrowind Rebirth [Main].ESP	Morrowind_Rebirth(6).rar	https://www.moddb.com/mods/morrowind-rebirth/downloads/release-morrowind-rebirth-67	Morrowind Rebirth	Mod DB
Morrowind Rebirth [Main].ESP	Morrowind_Rebirth(6).rar	https://www.moddb.com/mods/morrowind-rebirth/downloads/release-morrowind-rebirth-67	Morrowind Rebirth	Mod DB
Morrowind Rebirth [Main].ESP	Morrowind_Rebirth.1(1).rar	https://www.moddb.com/mods/morrowind-rebirth/downloads/release-morrowind-rebith-55	Morrowind Rebirth	Mod DB
Morrowind Rebirth [Main].ESP	Morrowind_Rebirth.1(1).rar	https://www.moddb.com/mods/morrowind-rebirth/downloads/release-morrowind-rebith-55	Morrowind Rebirth	Mod DB
Morrowind Rebirth [Main].ESP	Morrowind_Rebirth.1(2).rar	https://www.moddb.com/mods/morrowind-rebirth/downloads/release-morrowind-rebirth-59	Morrowind Rebirth	Mod DB
Morrowind Rebirth [Main].ESP	Morrowind_Rebirth.1(2).rar	https://www.moddb.com/mods/morrowind-rebirth/downloads/release-morrowind-rebirth-59	Morrowind Rebirth	Mod DB
Morrowind Rebirth [Main].ESP	Morrowind_Rebirth.1(3).rar	https://www.moddb.com/mods/morrowind-rebirth/downloads/release-morrowind-rebirth-60	Morrowind Rebirth	Mod DB
Morrowind Rebirth [Main].ESP	Morrowind_Rebirth.1(3).rar	https://www.moddb.com/mods/morrowind-rebirth/downloads/release-morrowind-rebirth-60	Morrowind Rebirth	Mod DB
Morrowind Rebirth [Main].ESP	Morrowind_Rebirth.1(4).rar	https://www.moddb.com/mods/morrowind-rebirth/downloads/release-morrowind-rebirth-61	Morrowind Rebirth	Mod DB
Morrowind Rebirth [Main].ESP	Morrowind_Rebirth.1(4).rar	https://www.moddb.com/mods/morrowind-rebirth/downloads/release-morrowind-rebirth-61	Morrowind Rebirth	Mod DB
Morrowind Rebirth [Main].ESP	Morrowind_Rebirth.1(5).rar	https://www.moddb.com/mods/morrowind-rebirth/downloads/release-morrowind-rebirth-62	Morrowind Rebirth	Mod DB
Morrowind Rebirth [Main].ESP	Morrowind_Rebirth.1(5).rar	https://www.moddb.com/mods/morrowind-rebirth/downloads/release-morrowind-rebirth-62	Morrowind Rebirth	Mod DB
Morrowind Rebirth [Main].ESP	Morrowind_Rebirth.1(6).rar	https://www.moddb.com/mods/morrowind-rebirth/downloads/release-morrowind-rebirth-64	Morrowind Rebirth	Mod DB
Morrowind Rebirth [Main].ESP	Morrowind_Rebirth.1(6).rar	https://www.moddb.com/mods/morrowind-rebirth/downloads/release-morrowind-rebirth-64	Morrowind Rebirth	Mod DB
Morrowind Rebirth [Main].ESP	Morrowind_Rebirth.1(7).rar	https://www.moddb.com/mods/morrowind-rebirth/downloads/release-morrowind-rebirth-66	Morrowind Rebirth	Mod DB
Morrowind Rebirth [Main].ESP	Morrowind_Rebirth.1(7).rar	https://www.moddb.com/mods/morrowind-rebirth/downloads/release-morrowind-rebirth-66	Morrowind Rebirth	Mod DB
Morrowind Rebirth [Main].ESP	Morrowind_Rebirth.1(8).rar	https://www.moddb.com/mods/morrowind-rebirth/downloads/release-morrowind-rebirth-68	Morrowind Rebirth	Mod DB
Morrowind Rebirth [Main].ESP	Morrowind_Rebirth.1(8).rar	https://www.moddb.com/mods/morrowind-rebirth/downloads/release-morrowind-rebirth-68	Morrowind Rebirth	Mod DB
Morrowind Rebirth [Main].ESP	Morrowind_Rebirth.1.rar	https://www.moddb.com/mods/morrowind-rebirth/downloads/release-morrowind-rebirth-52	Morrowind Rebirth	Mod DB
Morrowind Rebirth [Main].ESP	Morrowind_Rebirth.2.rar	https://www.moddb.com/mods/morrowind-rebirth/downloads/release-morrowind-rebirth-54	Morrowind Rebirth	Mod DB
Morrowind Rebirth [Main].ESP	Morrowind_Rebirth.3(1).rar	https://www.moddb.com/mods/morrowind-rebirth/downloads/release-morrowind-rebirth-69	Morrowind Rebirth	Mod DB
Morrowind Rebirth [Main].ESP	Morrowind_Rebirth.3(1).rar	https://www.moddb.com/mods/morrowind-rebirth/downloads/release-morrowind-rebirth-69	Morrowind Rebirth	Mod DB
Morrowind Rebirth [Main].ESP	Morrowind_Rebirth.3.rar	https://www.moddb.com/mods/morrowind-rebirth/downloads/release-morrowind-rebirth-70	Morrowind Rebirth	Mod DB
Morrowind Rebirth [Main].ESP	Morrowind_Rebirth.3.rar	https://www.moddb.com/mods/morrowind-rebirth/downloads/release-morrowind-rebirth-70	Morrowind Rebirth	Mod DB
Morrowind Rebirth [Main].ESP	Morrowind_Rebirth.rar	https://www.moddb.com/mods/morrowind-rebirth/downloads/release-morrowind-rebirth-53	Morrowind Rebirth	Mod DB
Morrowind Rebirth [Main].ESP	Morrowind_Rebirth_4.7_Patch.1.rar	https://www.moddb.com/mods/morrowind-rebirth/downloads/release-morrowind-rebirth-47-patch	Morrowind Rebirth	Mod DB
Morrowind Rebirth [Main].ESP	Morrowind_Rebirth_5.1.1.rar	https://www.moddb.com/mods/morrowind-rebirth/downloads/release-morrowind-rebirth-51	Morrowind Rebirth	Mod DB
Morrowind Rebirth [Main].ESP	Morrowind_Rebirth_Hotfix(1).rar	https://www.moddb.com/mods/morrowind-rebirth/downloads/relese-morrowind-rebirth-hotfix	Morrowind Rebirth	Mod DB
Morrowind Rebirth [Main].ESP	Morrowind_Rebirth_Hotfix(2).rar	https://www.moddb.com/mods/morrowind-rebirth/downloads/release-morrowind-rebirth-551-hotfix	Morrowind Rebirth	Mod DB
Morrowind Rebirth [Main].ESP	Morrowind_Rebirth_Hotfix(2).rar	https://www.moddb.com/mods/morrowind-rebirth/downloads/release-morrowind-rebirth-551-hotfix	Morrowind Rebirth	Mod DB
Morrowind Rebirth [Main].ESP	Morrowind_Rebirth_Hotfix.2.rar	https://www.moddb.com/mods/morrowind-rebirth/downloads/release-morrowind-rebirth-49-hotfix	Morrowind Rebirth	Mod DB
Morrowind Rebirth [Main].ESP	Morrowind_Rebirth_Main.rar	https://www.moddb.com/mods/morrowind-rebirth/downloads/release-morrowind-rebirth-46-patch	Morrowind Rebirth	Mod DB
Morrowind Rebirth [Main].ESP	Morrowind_Rebirth_v_4.5.rar	https://www.moddb.com/mods/morrowind-rebirth/downloads/release-morrowind-rebirth-45	Morrowind Rebirth	Mod DB
Morrowind Rebirth [Main].ESP	Morrowind_Rebirth_v_4.6.rar	https://www.moddb.com/mods/morrowind-rebirth/downloads/release-morrowind-rebirth-46	Morrowind Rebirth	Mod DB
Morrowind Rebirth [Main].ESP	Morrowind_Rebirth_v_4.71.rar	https://www.moddb.com/mods/morrowind-rebirth/downloads/release-morrowind-rebirth-47	Morrowind Rebirth	Mod DB
Morrowind Rebirth [Main].ESP	Morrowind_Rebirth_v_4.8.10.rar	https://www.moddb.com/mods/morrowind-rebirth/downloads/release-morrowind-rebirth-48	Morrowind Rebirth	Mod DB
Morrowind Rebirth [Main].ESP	Morrowind_Rebirth_v_4.9.rar	https://www.moddb.com/mods/morrowind-rebirth/downloads/release-morrowind-rebirth-49	Morrowind Rebirth	Mod DB
Morrowind Rebirth [Main].ESP	Morrowind_Rebirth_v_5.0_Part_2.rar	https://www.moddb.com/mods/morrowind-rebirth/downloads/morrowind-rebirth-v-5-0-part-2	Morrowind Rebirth	Mod DB
Project Cyrodiil [For Rebirth].esm	Morrowind_Rebirth.3(1).rar	https://www.moddb.com/mods/morrowind-rebirth/downloads/release-morrowind-rebirth-69	Morrowind Rebirth	Mod DB
Project Cyrodiil [For Rebirth].esm	Morrowind_Rebirth.3.rar	https://www.moddb.com/mods/morrowind-rebirth/downloads/release-morrowind-rebirth-70	Morrowind Rebirth	Mod DB
Province Cyrodiil [For Rebirth].esm	Morrowind_Rebirth(3).rar	https://www.moddb.com/mods/morrowind-rebirth/downloads/relese-morrowind-rebirth-58	Morrowind Rebirth	Mod DB
Province Cyrodiil [For Rebirth].esm	Morrowind_Rebirth(4).rar	https://www.moddb.com/mods/morrowind-rebirth/downloads/release-morrowind-rebirth-63	Morrowind Rebirth	Mod DB
Province Cyrodiil [For Rebirth].esm	Morrowind_Rebirth(5).rar	https://www.moddb.com/mods/morrowind-rebirth/downloads/release-morrowind-rebirth-65	Morrowind Rebirth	Mod DB
Province Cyrodiil [For Rebirth].esm	Morrowind_Rebirth(6).rar	https://www.moddb.com/mods/morrowind-rebirth/downloads/release-morrowind-rebirth-67	Morrowind Rebirth	Mod DB
Province Cyrodiil [For Rebirth].esm	Morrowind_Rebirth.1(2).rar	https://www.moddb.com/mods/morrowind-rebirth/downloads/release-morrowind-rebirth-59	Morrowind Rebirth	Mod DB
Province Cyrodiil [For Rebirth].esm	Morrowind_Rebirth.1(3).rar	https://www.moddb.com/mods/morrowind-rebirth/downloads/release-morrowind-rebirth-60	Morrowind Rebirth	Mod DB
Province Cyrodiil [For Rebirth].esm	Morrowind_Rebirth.1(4).rar	https://www.moddb.com/mods/morrowind-rebirth/downloads/release-morrowind-rebirth-61	Morrowind Rebirth	Mod DB
Province Cyrodiil [For Rebirth].esm	Morrowind_Rebirth.1(5).rar	https://www.moddb.com/mods/morrowind-rebirth/downloads/release-morrowind-rebirth-62	Morrowind Rebirth	Mod DB
Province Cyrodiil [For Rebirth].esm	Morrowind_Rebirth.1(6).rar	https://www.moddb.com/mods/morrowind-rebirth/downloads/release-morrowind-rebirth-64	Morrowind Rebirth	Mod DB
Province Cyrodiil [For Rebirth].esm	Morrowind_Rebirth.1(7).rar	https://www.moddb.com/mods/morrowind-rebirth/downloads/release-morrowind-rebirth-66	Morrowind Rebirth	Mod DB
Province Cyrodiil [For Rebirth].esm	Morrowind_Rebirth.1(8).rar	https://www.moddb.com/mods/morrowind-rebirth/downloads/release-morrowind-rebirth-68	Morrowind Rebirth	Mod DB
Siege at Firemoth [For Rebirth].esp	Morrowind_Rebirth(1).rar	https://www.moddb.com/mods/morrowind-rebirth/downloads/release-morrowind-rebirth-56	Morrowind Rebirth	Mod DB
Siege at Firemoth [For Rebirth].esp	Morrowind_Rebirth(2).rar	https://www.moddb.com/mods/morrowind-rebirth/downloads/morrowind-rebirth	Morrowind Rebirth	Mod DB
Siege at Firemoth [For Rebirth].esp	Morrowind_Rebirth(3).rar	https://www.moddb.com/mods/morrowind-rebirth/downloads/relese-morrowind-rebirth-58	Morrowind Rebirth	Mod DB
Siege at Firemoth [For Rebirth].esp	Morrowind_Rebirth(4).rar	https://www.moddb.com/mods/morrowind-rebirth/downloads/release-morrowind-rebirth-63	Morrowind Rebirth	Mod DB
Siege at Firemoth [For Rebirth].esp	Morrowind_Rebirth(5).rar	https://www.moddb.com/mods/morrowind-rebirth/downloads/release-morrowind-rebirth-65	Morrowind Rebirth	Mod DB
Siege at Firemoth [For Rebirth].esp	Morrowind_Rebirth(6).rar	https://www.moddb.com/mods/morrowind-rebirth/downloads/release-morrowind-rebirth-67	Morrowind Rebirth	Mod DB
Siege at Firemoth [For Rebirth].esp	Morrowind_Rebirth.1(1).rar	https://www.moddb.com/mods/morrowind-rebirth/downloads/release-morrowind-rebith-55	Morrowind Rebirth	Mod DB
Siege at Firemoth [For Rebirth].esp	Morrowind_Rebirth.1(2).rar	https://www.moddb.com/mods/morrowind-rebirth/downloads/release-morrowind-rebirth-59	Morrowind Rebirth	Mod DB
Siege at Firemoth [For Rebirth].esp	Morrowind_Rebirth.1(3).rar	https://www.moddb.com/mods/morrowind-rebirth/downloads/release-morrowind-rebirth-60	Morrowind Rebirth	Mod DB
Siege at Firemoth [For Rebirth].esp	Morrowind_Rebirth.1(4).rar	https://www.moddb.com/mods/morrowind-rebirth/downloads/release-morrowind-rebirth-61	Morrowind Rebirth	Mod DB
Siege at Firemoth [For Rebirth].esp	Morrowind_Rebirth.1(5).rar	https://www.moddb.com/mods/morrowind-rebirth/downloads/release-morrowind-rebirth-62	Morrowind Rebirth	Mod DB
Siege at Firemoth [For Rebirth].esp	Morrowind_Rebirth.1(6).rar	https://www.moddb.com/mods/morrowind-rebirth/downloads/release-morrowind-rebirth-64	Morrowind Rebirth	Mod DB
Siege at Firemoth [For Rebirth].esp	Morrowind_Rebirth.1(7).rar	https://www.moddb.com/mods/morrowind-rebirth/downloads/release-morrowind-rebirth-66	Morrowind Rebirth	Mod DB
Siege at Firemoth [For Rebirth].esp	Morrowind_Rebirth.1(8).rar	https://www.moddb.com/mods/morrowind-rebirth/downloads/release-morrowind-rebirth-68	Morrowind Rebirth	Mod DB
Siege at Firemoth [For Rebirth].esp	Morrowind_Rebirth.1.rar	https://www.moddb.com/mods/morrowind-rebirth/downloads/release-morrowind-rebirth-52	Morrowind Rebirth	Mod DB
Siege at Firemoth [For Rebirth].esp	Morrowind_Rebirth.2.rar	https://www.moddb.com/mods/morrowind-rebirth/downloads/release-morrowind-rebirth-54	Morrowind Rebirth	Mod DB
Siege at Firemoth [For Rebirth].esp	Morrowind_Rebirth.3(1).rar	https://www.moddb.com/mods/morrowind-rebirth/downloads/release-morrowind-rebirth-69	Morrowind Rebirth	Mod DB
Siege at Firemoth [For Rebirth].esp	Morrowind_Rebirth.3.rar	https://www.moddb.com/mods/morrowind-rebirth/downloads/release-morrowind-rebirth-70	Morrowind Rebirth	Mod DB
Siege at Firemoth [For Rebirth].esp	Morrowind_Rebirth.rar	https://www.moddb.com/mods/morrowind-rebirth/downloads/release-morrowind-rebirth-53	Morrowind Rebirth	Mod DB
Siege at Firemoth [For Rebirth].esp	Morrowind_Rebirth_5.1.1.rar	https://www.moddb.com/mods/morrowind-rebirth/downloads/release-morrowind-rebirth-51	Morrowind Rebirth	Mod DB
Siege at Firemoth [For Rebirth].esp	Morrowind_Rebirth_v_5.0_Part_2.rar	https://www.moddb.com/mods/morrowind-rebirth/downloads/morrowind-rebirth-v-5-0-part-2	Morrowind Rebirth	Mod DB
Skyrim Home of the Nords [For Rebirth].esm	Morrowind_Rebirth(3).rar	https://www.moddb.com/mods/morrowind-rebirth/downloads/relese-morrowind-rebirth-58	Morrowind Rebirth	Mod DB
Skyrim Home of the Nords [For Rebirth].esm	Morrowind_Rebirth(4).rar	https://www.moddb.com/mods/morrowind-rebirth/downloads/release-morrowind-rebirth-63	Morrowind Rebirth	Mod DB
Skyrim Home of the Nords [For Rebirth].esm	Morrowind_Rebirth(5).rar	https://www.moddb.com/mods/morrowind-rebirth/downloads/release-morrowind-rebirth-65	Morrowind Rebirth	Mod DB
Skyrim Home of the Nords [For Rebirth].esm	Morrowind_Rebirth(6).rar	https://www.moddb.com/mods/morrowind-rebirth/downloads/release-morrowind-rebirth-67	Morrowind Rebirth	Mod DB
Skyrim Home of the Nords [For Rebirth].esm	Morrowind_Rebirth.1(2).rar	https://www.moddb.com/mods/morrowind-rebirth/downloads/release-morrowind-rebirth-59	Morrowind Rebirth	Mod DB
Skyrim Home of the Nords [For Rebirth].esm	Morrowind_Rebirth.1(3).rar	https://www.moddb.com/mods/morrowind-rebirth/downloads/release-morrowind-rebirth-60	Morrowind Rebirth	Mod DB
Skyrim Home of the Nords [For Rebirth].esm	Morrowind_Rebirth.1(4).rar	https://www.moddb.com/mods/morrowind-rebirth/downloads/release-morrowind-rebirth-61	Morrowind Rebirth	Mod DB
Skyrim Home of the Nords [For Rebirth].esm	Morrowind_Rebirth.1(5).rar	https://www.moddb.com/mods/morrowind-rebirth/downloads/release-morrowind-rebirth-62	Morrowind Rebirth	Mod DB
Skyrim Home of the Nords [For Rebirth].esm	Morrowind_Rebirth.1(6).rar	https://www.moddb.com/mods/morrowind-rebirth/downloads/release-morrowind-rebirth-64	Morrowind Rebirth	Mod DB
Skyrim Home of the Nords [For Rebirth].esm	Morrowind_Rebirth.1(7).rar	https://www.moddb.com/mods/morrowind-rebirth/downloads/release-morrowind-rebirth-66	Morrowind Rebirth	Mod DB
Skyrim Home of the Nords [For Rebirth].esm	Morrowind_Rebirth.1(8).rar	https://www.moddb.com/mods/morrowind-rebirth/downloads/release-morrowind-rebirth-68	Morrowind Rebirth	Mod DB
Skyrim Home of the Nords [For Rebirth].esm	Morrowind_Rebirth.3(1).rar	https://www.moddb.com/mods/morrowind-rebirth/downloads/release-morrowind-rebirth-69	Morrowind Rebirth	Mod DB
Skyrim Home of the Nords [For Rebirth].esm	Morrowind_Rebirth.3.rar	https://www.moddb.com/mods/morrowind-rebirth/downloads/release-morrowind-rebirth-70	Morrowind Rebirth	Mod DB
Solstheim TotSP [For Rebirth].esm	Morrowind_Rebirth_v_4.5.rar	https://www.moddb.com/mods/morrowind-rebirth/downloads/release-morrowind-rebirth-45	Morrowind Rebirth	Mod DB
Solstheim TotSP [For Rebirth].esm	Morrowind_Rebirth_v_4.6.rar	https://www.moddb.com/mods/morrowind-rebirth/downloads/release-morrowind-rebirth-46	Morrowind Rebirth	Mod DB
Solstheim TotSP [For Rebirth].esm	Morrowind_Rebirth_v_4.71.rar	https://www.moddb.com/mods/morrowind-rebirth/downloads/release-morrowind-rebirth-47	Morrowind Rebirth	Mod DB
Solstheim TotSP [For Rebirth].esp	Morrowind_Rebirth_v_4.8.10.rar	https://www.moddb.com/mods/morrowind-rebirth/downloads/release-morrowind-rebirth-48	Morrowind Rebirth	Mod DB
Solstheim TotSP [For Rebirth].esp	Morrowind_Rebirth_v_4.9.rar	https://www.moddb.com/mods/morrowind-rebirth/downloads/release-morrowind-rebirth-49	Morrowind Rebirth	Mod DB
Solstheim TotSP [For Rebirth].esp	Morrowind_Rebirth_v_5.0_Part_2.rar	https://www.moddb.com/mods/morrowind-rebirth/downloads/morrowind-rebirth-v-5-0-part-2	Morrowind Rebirth	Mod DB
Solstheim TotSP [Rebirth].esm	Morrowind_Rebirth_v_4.2.rar	https://www.moddb.com/mods/morrowind-rebirth/downloads/release-morrowind-rebirth-42	Morrowind Rebirth	Mod DB
Solstheim TotSP [Rebirth].esm	Morrowind_Rebirth_v_4.3.rar	https://www.moddb.com/mods/morrowind-rebirth/downloads/release-morrowind-rebirth-43	Morrowind Rebirth	Mod DB
Solstheim TotSP [Rebirth].esm	Morrowind_Rebirth_v_4.31.rar	https://www.moddb.com/mods/morrowind-rebirth/downloads/release-morrowind-rebirth-431	Morrowind Rebirth	Mod DB
Solstheim TotSP [Rebirth].esm	Morrowind_Rebirth_v_4.4.5.rar	https://www.moddb.com/mods/morrowind-rebirth/downloads/release-morrowind-rebirth-44	Morrowind Rebirth	Mod DB
Solstheim TotSP [Rebirth].esm	Morrowind_Rebirth_v_4.42.rar	https://www.moddb.com/mods/morrowind-rebirth/downloads/release-morrowind-rebirth-442	Morrowind Rebirth	Mod DB
Solstheim TotSP [Rebirth].esp	Morrowind_Rebirth_v_4.11.rar	https://www.moddb.com/mods/morrowind-rebirth/downloads/release-morrowind-rebirth-411	Morrowind Rebirth	Mod DB
Solstheim TotSP [Rebirth].esp	Morrowind_Rebirth_v_4.12.rar	https://www.moddb.com/mods/morrowind-rebirth/downloads/release-morrowind-rebirth-412	Morrowind Rebirth	Mod DB
Solstheim TotSP [Rebirth].esp	Morrowind_Rebirth_v_4.13.rar	https://www.moddb.com/mods/morrowind-rebirth/downloads/release-morrowind-rebirth-413	Morrowind Rebirth	Mod DB
Uvirith's Legacy 3.53 [For Rebirth].esp	Morrowind_Rebirth(3).rar	https://www.moddb.com/mods/morrowind-rebirth/downloads/relese-morrowind-rebirth-58	Morrowind Rebirth	Mod DB
Uvirith's Legacy 3.53 [For Rebirth].esp	Morrowind_Rebirth(4).rar	https://www.moddb.com/mods/morrowind-rebirth/downloads/release-morrowind-rebirth-63	Morrowind Rebirth	Mod DB
Uvirith's Legacy 3.53 [For Rebirth].esp	Morrowind_Rebirth(5).rar	https://www.moddb.com/mods/morrowind-rebirth/downloads/release-morrowind-rebirth-65	Morrowind Rebirth	Mod DB
Uvirith's Legacy 3.53 [For Rebirth].esp	Morrowind_Rebirth(6).rar	https://www.moddb.com/mods/morrowind-rebirth/downloads/release-morrowind-rebirth-67	Morrowind Rebirth	Mod DB
Uvirith's Legacy 3.53 [For Rebirth].esp	Morrowind_Rebirth.1(2).rar	https://www.moddb.com/mods/morrowind-rebirth/downloads/release-morrowind-rebirth-59	Morrowind Rebirth	Mod DB
Uvirith's Legacy 3.53 [For Rebirth].esp	Morrowind_Rebirth.1(3).rar	https://www.moddb.com/mods/morrowind-rebirth/downloads/release-morrowind-rebirth-60	Morrowind Rebirth	Mod DB
Uvirith's Legacy 3.53 [For Rebirth].esp	Morrowind_Rebirth.1(4).rar	https://www.moddb.com/mods/morrowind-rebirth/downloads/release-morrowind-rebirth-61	Morrowind Rebirth	Mod DB
Uvirith's Legacy 3.53 [For Rebirth].esp	Morrowind_Rebirth.1(5).rar	https://www.moddb.com/mods/morrowind-rebirth/downloads/release-morrowind-rebirth-62	Morrowind Rebirth	Mod DB
Uvirith's Legacy 3.53 [For Rebirth].esp	Morrowind_Rebirth.1(6).rar	https://www.moddb.com/mods/morrowind-rebirth/downloads/release-morrowind-rebirth-64	Morrowind Rebirth	Mod DB
Uvirith's Legacy 3.53 [For Rebirth].esp	Morrowind_Rebirth.1(7).rar	https://www.moddb.com/mods/morrowind-rebirth/downloads/release-morrowind-rebirth-66	Morrowind Rebirth	Mod DB
Uvirith's Legacy 3.53 [For Rebirth].esp	Morrowind_Rebirth.1(8).rar	https://www.moddb.com/mods/morrowind-rebirth/downloads/release-morrowind-rebirth-68	Morrowind Rebirth	Mod DB
Uvirith's Legacy 3.53 [For Rebirth].esp	Morrowind_Rebirth.3(1).rar	https://www.moddb.com/mods/morrowind-rebirth/downloads/release-morrowind-rebirth-69	Morrowind Rebirth	Mod DB
Uvirith's Legacy 3.53 [For Rebirth].esp	Morrowind_Rebirth.3.rar	https://www.moddb.com/mods/morrowind-rebirth/downloads/release-morrowind-rebirth-70	Morrowind Rebirth	Mod DB
Uvirith's Legacy_3.53 [For Rebirth].esp	Morrowind_Rebirth(1).rar	https://www.moddb.com/mods/morrowind-rebirth/downloads/release-morrowind-rebirth-56	Morrowind Rebirth	Mod DB
Uvirith's Legacy_3.53 [For Rebirth].esp	Morrowind_Rebirth(2).rar	https://www.moddb.com/mods/morrowind-rebirth/downloads/morrowind-rebirth	Morrowind Rebirth	Mod DB
Uvirith's Legacy_3.53 [For Rebirth].esp	Morrowind_Rebirth.1(1).rar	https://www.moddb.com/mods/morrowind-rebirth/downloads/release-morrowind-rebith-55	Morrowind Rebirth	Mod DB
Uvirith's Legacy_3.53 [For Rebirth].esp	Morrowind_Rebirth.1.rar	https://www.moddb.com/mods/morrowind-rebirth/downloads/release-morrowind-rebirth-52	Morrowind Rebirth	Mod DB
Uvirith's Legacy_3.53 [For Rebirth].esp	Morrowind_Rebirth.2.rar	https://www.moddb.com/mods/morrowind-rebirth/downloads/release-morrowind-rebirth-54	Morrowind Rebirth	Mod DB
Uvirith's Legacy_3.53 [For Rebirth].esp	Morrowind_Rebirth.rar	https://www.moddb.com/mods/morrowind-rebirth/downloads/release-morrowind-rebirth-53	Morrowind Rebirth	Mod DB
Uvirith's Legacy_3.53 [For Rebirth].esp	Morrowind_Rebirth_5.1.1.rar	https://www.moddb.com/mods/morrowind-rebirth/downloads/release-morrowind-rebirth-51	Morrowind Rebirth	Mod DB
Uvirith's Legacy_3.53 [For Rebirth].esp	Morrowind_Rebirth_v_4.9.rar	https://www.moddb.com/mods/morrowind-rebirth/downloads/release-morrowind-rebirth-49	Morrowind Rebirth	Mod DB
Uvirith's Legacy_3.53 [For Rebirth].esp	Morrowind_Rebirth_v_5.0_Part_2.rar	https://www.moddb.com/mods/morrowind-rebirth/downloads/morrowind-rebirth-v-5-0-part-2	Morrowind Rebirth	Mod DB
